IK	bD	deger
34	Banka Çalışan Sayısı	0.1730980603818007
34	Tasarruf Mevduatı	243030.92213404566
34	Resmi Kuruluşlar Mevduatı	3607.988672188776
34	Ticari Kuruluşlar Mevduatı	174634.35317276744
34	Bankalar Mevduatı	49913.31863696504
34	Döviz Tevdiat Hesapları	151904.94400778835
34	Diğer Mevduat	25743.664498417606
34	Altın Depo Hesabı	6759.788633154003
34	İhtisas Kredileri/ Tarım	1593.3679844000912
34	İhtisas Kredileri/ Mesleki	713.6927132268397
34	İhtisas Kredileri/ Denizcilik	6.650907387925264
34	İhtisas Kredileri/ Turizm	329.22087102947705
34	İhtisas Kredileri/ Diğer	9478.813877307424
34	İht.Dışı Krediler	892038.6774556707
34	ATM Sayısı	0.025491294477732417
34	Pos Sayısı	1.283748968989374
34	Üye İşyeri Sayısı	0.8254348939390675
34	Tasarruf Mevduatı Hesap Adedi	52.60983322931012
34	Resmi Kuruluşlar Mevduatı Hesap Adedi	0.0799679538727488
34	Ticari Kuruluşlar Mevduat Hesap Adedi	6.434405734025653
34	Bankalar Mevduatı Hesap Adedi	0.007406074816346014
34	Döviz Tevdiat Hesap Adedi	7.815394467909233
34	Diğer Mevduat Hesap Adedi	0.24779534995178715
34	Altın Depo Hesabı Hesap Adedi	0.6460980709655859
75	Banka Çalışan Sayısı	0.039648904489781596
75	Tasarruf Mevduatı	122737.11433654837
75	Resmi Kuruluşlar Mevduatı	25755.073454118618
75	Ticari Kuruluşlar Mevduatı	16241.885815197913
75	Bankalar Mevduatı	0
75	Döviz Tevdiat Hesapları	21191.783584728935
75	Diğer Mevduat	5823.263202915422
75	Altın Depo Hesabı	1780.0604159855027
75	İhtisas Kredileri/ Tarım	128309.69281461614
75	İhtisas Kredileri/ Mesleki	2439.4118019082707
75	İhtisas Kredileri/ Denizcilik	0
75	İhtisas Kredileri/ Turizm	18.777160079716467
75	İhtisas Kredileri/ Diğer	6642.9818942199245
75	İht.Dışı Krediler	255131.70347641723
75	ATM Sayısı	0.016779965641983984
75	Pos Sayısı	1.226464690574131
75	Üye İşyeri Sayısı	0.7419022775730815
75	Tasarruf Mevduatı Hesap Adedi	107.70541216126492
75	Resmi Kuruluşlar Mevduatı Hesap Adedi	1.4291746808494037
75	Ticari Kuruluşlar Mevduat Hesap Adedi	5.7151175303263475
75	Bankalar Mevduatı Hesap Adedi	0.006110869943292007
75	Döviz Tevdiat Hesap Adedi	6.8363323130240055
75	Diğer Mevduat Hesap Adedi	0.892155659570939
75	Altın Depo Hesabı Hesap Adedi	1.2278916285539834
8	Banka Çalışan Sayısı	0.09911078686960909
8	Tasarruf Mevduatı	81855.42979948106
8	Resmi Kuruluşlar Mevduatı	3762.6487766534956
8	Ticari Kuruluşlar Mevduatı	15201.388281171523
8	Bankalar Mevduatı	0
8	Döviz Tevdiat Hesapları	17582.243059406537
8	Diğer Mevduat	1690.679693032369
8	Altın Depo Hesabı	8270.539517553792
8	İhtisas Kredileri/ Tarım	20731.6711298047
8	İhtisas Kredileri/ Mesleki	3974.1947771330824
8	İhtisas Kredileri/ Denizcilik	0
8	İhtisas Kredileri/ Turizm	253.7120581101226
8	İhtisas Kredileri/ Diğer	4010.063873384523
8	İht.Dışı Krediler	202929.61909000285
8	ATM Sayısı	0.026033240168447096
8	Pos Sayısı	1.026947621366043
8	Üye İşyeri Sayısı	0.7445903938417728
8	Tasarruf Mevduatı Hesap Adedi	71.32727001184944
8	Resmi Kuruluşlar Mevduatı Hesap Adedi	0.5501816525081797
8	Ticari Kuruluşlar Mevduat Hesap Adedi	2.2552798821215623
8	Bankalar Mevduatı Hesap Adedi	0.011237119771769047
8	Döviz Tevdiat Hesap Adedi	2.5385388784065377
8	Diğer Mevduat Hesap Adedi	0.4569373839868726
8	Altın Depo Hesabı Hesap Adedi	1.215440191377191
9	Banka Çalışan Sayısı	0.07496020380079177
9	Tasarruf Mevduatı	145319.50715483766
9	Resmi Kuruluşlar Mevduatı	5367.885539105549
9	Ticari Kuruluşlar Mevduatı	17920.60571708606
9	Bankalar Mevduatı	0.36962419440022715
9	Döviz Tevdiat Hesapları	51035.667760999866
9	Diğer Mevduat	3708.098564752436
9	Altın Depo Hesabı	4245.382574480152
9	İhtisas Kredileri/ Tarım	16197.216976220205
9	İhtisas Kredileri/ Mesleki	3327.863846731462
9	İhtisas Kredileri/ Denizcilik	0.22598409965099747
9	İhtisas Kredileri/ Turizm	289.09578600083734
9	İhtisas Kredileri/ Diğer	7241.58089585156
9	İht.Dışı Krediler	64089.98691786104
9	ATM Sayısı	0.008325401515606973
9	Pos Sayısı	1.4796207143773583
9	Üye İşyeri Sayısı	0.7555621647842037
9	Tasarruf Mevduatı Hesap Adedi	77.96651744589138
9	Resmi Kuruluşlar Mevduatı Hesap Adedi	0.15785715579502738
9	Ticari Kuruluşlar Mevduat Hesap Adedi	5.487823620106737
9	Bankalar Mevduatı Hesap Adedi	0.006127905190153427
9	Döviz Tevdiat Hesap Adedi	4.821522441363626
9	Diğer Mevduat Hesap Adedi	0.28004804162485525
9	Altın Depo Hesabı Hesap Adedi	0.7021727080492224
10	Banka Çalışan Sayısı	0.10009275400387674
10	Tasarruf Mevduatı	138601.44805519196
10	Resmi Kuruluşlar Mevduatı	5338.142733232124
10	Ticari Kuruluşlar Mevduatı	14229.039164442202
10	Bankalar Mevduatı	0.7034993193191177
10	Döviz Tevdiat Hesapları	81526.73503267148
10	Diğer Mevduat	2622.8846595389455
10	Altın Depo Hesabı	4114.853278045577
10	İhtisas Kredileri/ Tarım	25699.26496640229
10	İhtisas Kredileri/ Mesleki	2248.403343314225
10	İhtisas Kredileri/ Denizcilik	0
10	İhtisas Kredileri/ Turizm	297.97031721624853
10	İhtisas Kredileri/ Diğer	1632.1398288850392
10	İht.Dışı Krediler	325788.0658498272
10	ATM Sayısı	0.016179143861357794
10	Pos Sayısı	1.4761359646397783
10	Üye İşyeri Sayısı	0.4002467766977589
10	Tasarruf Mevduatı Hesap Adedi	75.88250058637665
10	Resmi Kuruluşlar Mevduatı Hesap Adedi	0.2940684083740352
10	Ticari Kuruluşlar Mevduat Hesap Adedi	2.7739847056974822
10	Bankalar Mevduatı Hesap Adedi	0.0045378161690105496
10	Döviz Tevdiat Hesap Adedi	5.155364955963324
10	Diğer Mevduat Hesap Adedi	0.5474668259654532
10	Altın Depo Hesabı Hesap Adedi	0.6324222542485121
74	Banka Çalışan Sayısı	0.04481420532366834
74	Tasarruf Mevduatı	191892.73443992884
74	Resmi Kuruluşlar Mevduatı	7831.0103435473075
74	Ticari Kuruluşlar Mevduatı	13560.702522595095
74	Bankalar Mevduatı	39.635644319813835
74	Döviz Tevdiat Hesapları	41470.02201150208
74	Diğer Mevduat	1553.1997176946527
74	Altın Depo Hesabı	4258.0117064930555
74	İhtisas Kredileri/ Tarım	5517.892280176903
74	İhtisas Kredileri/ Mesleki	3419.4310877615117
74	İhtisas Kredileri/ Denizcilik	3.020304761573933
74	İhtisas Kredileri/ Turizm	49.010486976762785
74	İhtisas Kredileri/ Diğer	4147.490757973837
74	İht.Dışı Krediler	143229.82791747272
74	ATM Sayısı	0.014024671241378003
74	Pos Sayısı	1.51200471151874
74	Üye İşyeri Sayısı	0.9248757843066414
74	Tasarruf Mevduatı Hesap Adedi	94.35223963055398
74	Resmi Kuruluşlar Mevduatı Hesap Adedi	0.211920178320274
74	Ticari Kuruluşlar Mevduat Hesap Adedi	5.180874208843498
74	Bankalar Mevduatı Hesap Adedi	0.006025468519277974
74	Döviz Tevdiat Hesap Adedi	4.195108524313226
74	Diğer Mevduat Hesap Adedi	0.30368894832202165
74	Altın Depo Hesabı Hesap Adedi	0.8216577535080867
72	Banka Çalışan Sayısı	0.04989128138778645
72	Tasarruf Mevduatı	57059.67902023344
72	Resmi Kuruluşlar Mevduatı	42206.49430716539
72	Ticari Kuruluşlar Mevduatı	13776.260660741422
72	Bankalar Mevduatı	13.890445652744614
72	Döviz Tevdiat Hesapları	17491.46595179007
72	Diğer Mevduat	3544.029136404587
72	Altın Depo Hesabı	5221.96734388102
72	İhtisas Kredileri/ Tarım	13671.333226765997
72	İhtisas Kredileri/ Mesleki	2466.14197329675
72	İhtisas Kredileri/ Denizcilik	0
72	İhtisas Kredileri/ Turizm	37.891618046779854
72	İhtisas Kredileri/ Diğer	5742.473453294498
72	İht.Dışı Krediler	279956.60422729066
72	ATM Sayısı	0.01082463558705902
72	Pos Sayısı	0.7945995526516729
72	Üye İşyeri Sayısı	1.1958842508333543
72	Tasarruf Mevduatı Hesap Adedi	71.42651179449817
72	Resmi Kuruluşlar Mevduatı Hesap Adedi	0.4664676161216652
72	Ticari Kuruluşlar Mevduat Hesap Adedi	3.5700865837584486
72	Bankalar Mevduatı Hesap Adedi	0.005366779206412865
72	Döviz Tevdiat Hesap Adedi	2.721014289835411
72	Diğer Mevduat Hesap Adedi	0.218205651592589
72	Altın Depo Hesabı Hesap Adedi	0.5787851650822291
69	Banka Çalışan Sayısı	0.07775616440761435
69	Tasarruf Mevduatı	56000.78625627939
69	Resmi Kuruluşlar Mevduatı	39138.8849534382
69	Ticari Kuruluşlar Mevduatı	28833.4551369881
69	Bankalar Mevduatı	0
69	Döviz Tevdiat Hesapları	72742.03207560598
69	Diğer Mevduat	3698.746509919645
69	Altın Depo Hesabı	3202.8073138973677
69	İhtisas Kredileri/ Tarım	34144.70443909412
69	İhtisas Kredileri/ Mesleki	5510.667588210039
69	İhtisas Kredileri/ Denizcilik	0
69	İhtisas Kredileri/ Turizm	331.5459063484535
69	İhtisas Kredileri/ Diğer	3855.783833618869
69	İht.Dışı Krediler	113042.67608922058
69	ATM Sayısı	0.014584156928899056
69	Pos Sayısı	1.161943126053331
69	Üye İşyeri Sayısı	1.246333557921222
69	Tasarruf Mevduatı Hesap Adedi	63.66565266763556
69	Resmi Kuruluşlar Mevduatı Hesap Adedi	1.0576016889861808
69	Ticari Kuruluşlar Mevduat Hesap Adedi	5.292545793067066
69	Bankalar Mevduatı Hesap Adedi	0.009823421368042687
69	Döviz Tevdiat Hesap Adedi	12.505991214002982
69	Diğer Mevduat Hesap Adedi	0.8518195738272726
69	Altın Depo Hesabı Hesap Adedi	1.112181431971037
11	Banka Çalışan Sayısı	0.06455547767540067
11	Tasarruf Mevduatı	38311.80237702322
11	Resmi Kuruluşlar Mevduatı	11450.004779990053
11	Ticari Kuruluşlar Mevduatı	16087.010439742611
11	Bankalar Mevduatı	0
11	Döviz Tevdiat Hesapları	19724.00467540882
11	Diğer Mevduat	3814.348855590298
11	Altın Depo Hesabı	4595.392407285076
11	İhtisas Kredileri/ Tarım	15711.368849785827
11	İhtisas Kredileri/ Mesleki	2500.211966855305
11	İhtisas Kredileri/ Denizcilik	0
11	İhtisas Kredileri/ Turizm	8.842795280502587
11	İhtisas Kredileri/ Diğer	3022.6815387041975
11	İht.Dışı Krediler	276686.3160334671
11	ATM Sayısı	0.026836557925151723
11	Pos Sayısı	1.0024830203750439
11	Üye İşyeri Sayısı	1.119601597747464
11	Tasarruf Mevduatı Hesap Adedi	83.72575302340917
11	Resmi Kuruluşlar Mevduatı Hesap Adedi	0.49207239869028707
11	Ticari Kuruluşlar Mevduat Hesap Adedi	4.427389707676074
11	Bankalar Mevduatı Hesap Adedi	0.006962323761866371
11	Döviz Tevdiat Hesap Adedi	5.287385961884114
11	Diğer Mevduat Hesap Adedi	0.36679299817825595
11	Altın Depo Hesabı Hesap Adedi	1.7547481261832778
12	Banka Çalışan Sayısı	0.05770544950811002
12	Tasarruf Mevduatı	74758.26249391
12	Resmi Kuruluşlar Mevduatı	28355.491783782625
12	Ticari Kuruluşlar Mevduatı	20423.20394393466
12	Bankalar Mevduatı	0
12	Döviz Tevdiat Hesapları	42263.790353257165
12	Diğer Mevduat	2148.2100978147987
12	Altın Depo Hesabı	4824.3552909923
12	İhtisas Kredileri/ Tarım	22233.43736505346
12	İhtisas Kredileri/ Mesleki	2520.7386070547327
12	İhtisas Kredileri/ Denizcilik	0
12	İhtisas Kredileri/ Turizm	10.313179585840057
12	İhtisas Kredileri/ Diğer	4280.291783320808
12	İht.Dışı Krediler	219961.26418897382
12	ATM Sayısı	0.008976859276683373
12	Pos Sayısı	1.2450266623624182
12	Üye İşyeri Sayısı	0.3493195976692156
12	Tasarruf Mevduatı Hesap Adedi	82.59021114181152
12	Resmi Kuruluşlar Mevduatı Hesap Adedi	0.5486407043868071
12	Ticari Kuruluşlar Mevduat Hesap Adedi	2.682600514562716
12	Bankalar Mevduatı Hesap Adedi	0.002643802062247631
12	Döviz Tevdiat Hesap Adedi	8.851255299264926
12	Diğer Mevduat Hesap Adedi	0.44680986649882287
12	Altın Depo Hesabı Hesap Adedi	1.1185962365991167
13	Banka Çalışan Sayısı	0.019293083394324617
13	Tasarruf Mevduatı	29659.30088985832
13	Resmi Kuruluşlar Mevduatı	32910.81995643094
13	Ticari Kuruluşlar Mevduatı	17958.545412999894
13	Bankalar Mevduatı	24.602528446738
13	Döviz Tevdiat Hesapları	10957.719961065335
13	Diğer Mevduat	5245.515392671588
13	Altın Depo Hesabı	3574.0351244648623
13	İhtisas Kredileri/ Tarım	43096.54283628861
13	İhtisas Kredileri/ Mesleki	11123.473100971318
13	İhtisas Kredileri/ Denizcilik	2.577379589941872
13	İhtisas Kredileri/ Turizm	16.594610405968815
13	İhtisas Kredileri/ Diğer	9354.929291754323
13	İht.Dışı Krediler	247374.8373994152
13	ATM Sayısı	0.018353196111568583
13	Pos Sayısı	0.937255719945316
13	Üye İşyeri Sayısı	1.116346073430647
13	Tasarruf Mevduatı Hesap Adedi	105.75775298820636
13	Resmi Kuruluşlar Mevduatı Hesap Adedi	0.5894859087531525
13	Ticari Kuruluşlar Mevduat Hesap Adedi	5.981044147050186
13	Bankalar Mevduatı Hesap Adedi	0.0037365384904569595
13	Döviz Tevdiat Hesap Adedi	2.995211587137259
13	Diğer Mevduat Hesap Adedi	0.46324651836432107
13	Altın Depo Hesabı Hesap Adedi	1.4358188316009615
1	Banka Çalışan Sayısı	0.08384763224211741
1	Tasarruf Mevduatı	150303.06354388944
1	Resmi Kuruluşlar Mevduatı	4850.7014184760765
1	Ticari Kuruluşlar Mevduatı	20201.540086487945
1	Bankalar Mevduatı	3.6090522943151138
1	Döviz Tevdiat Hesapları	74474.0598530338
1	Diğer Mevduat	4076.511587254567
1	Altın Depo Hesabı	3242.61165381272
1	İhtisas Kredileri/ Tarım	30471.097652394652
1	İhtisas Kredileri/ Mesleki	2767.606114476939
1	İhtisas Kredileri/ Denizcilik	0
1	İhtisas Kredileri/ Turizm	40.02241986323665
1	İhtisas Kredileri/ Diğer	3864.3449730348652
1	İht.Dışı Krediler	244979.8241063293
1	ATM Sayısı	0.019103977406482585
1	Pos Sayısı	1.4057657872460023
1	Üye İşyeri Sayısı	1.3072418519971603
1	Tasarruf Mevduatı Hesap Adedi	82.92334365168281
1	Resmi Kuruluşlar Mevduatı Hesap Adedi	0.1249726538165174
1	Ticari Kuruluşlar Mevduat Hesap Adedi	4.013908399896117
1	Bankalar Mevduatı Hesap Adedi	0.008157604630652317
1	Döviz Tevdiat Hesap Adedi	6.036528437257417
1	Diğer Mevduat Hesap Adedi	0.24495252953854496
1	Altın Depo Hesabı Hesap Adedi	0.546931013110483
14	Banka Çalışan Sayısı	0.040622059558507104
14	Tasarruf Mevduatı	121605.15029640315
14	Resmi Kuruluşlar Mevduatı	1525.9614285644602
14	Ticari Kuruluşlar Mevduatı	12856.037959460988
14	Bankalar Mevduatı	0.037658985539626565
14	Döviz Tevdiat Hesapları	18184.418183632624
14	Diğer Mevduat	2675.2267901715345
14	Altın Depo Hesabı	1599.6624988255558
14	İhtisas Kredileri/ Tarım	27706.33433392976
14	İhtisas Kredileri/ Mesleki	1856.3473901410537
14	İhtisas Kredileri/ Denizcilik	0
14	İhtisas Kredileri/ Turizm	2018.104663510634
14	İhtisas Kredileri/ Diğer	3578.1398481738534
14	İht.Dışı Krediler	194327.50542812524
14	ATM Sayısı	0.013344678534887255
14	Pos Sayısı	0.8743381748860451
14	Üye İşyeri Sayısı	1.0999614925173338
14	Tasarruf Mevduatı Hesap Adedi	38.189048432579824
14	Resmi Kuruluşlar Mevduatı Hesap Adedi	0.3663417076075593
14	Ticari Kuruluşlar Mevduat Hesap Adedi	4.850131968869878
14	Bankalar Mevduatı Hesap Adedi	0.008267004399161323
14	Döviz Tevdiat Hesap Adedi	5.373388858779
14	Diğer Mevduat Hesap Adedi	0.568647371699854
14	Altın Depo Hesabı Hesap Adedi	0.9581871713569164
15	Banka Çalışan Sayısı	0.054272771098400376
15	Tasarruf Mevduatı	32434.39431248051
15	Resmi Kuruluşlar Mevduatı	4218.77011128222
15	Ticari Kuruluşlar Mevduatı	13916.533387271105
15	Bankalar Mevduatı	0.05455850112409856
15	Döviz Tevdiat Hesapları	42721.404202941354
15	Diğer Mevduat	3798.685924517017
15	Altın Depo Hesabı	3497.5457110840343
15	İhtisas Kredileri/ Tarım	33199.36932104095
15	İhtisas Kredileri/ Mesleki	4063.143996692489
15	İhtisas Kredileri/ Denizcilik	0
15	İhtisas Kredileri/ Turizm	64.10989093765846
15	İhtisas Kredileri/ Diğer	3130.293032059384
15	İht.Dışı Krediler	134205.9726053735
15	ATM Sayısı	0.016825432122813462
15	Pos Sayısı	0.9936441268142877
15	Üye İşyeri Sayısı	0.9858851960040614
15	Tasarruf Mevduatı Hesap Adedi	31.03111980758576
15	Resmi Kuruluşlar Mevduatı Hesap Adedi	0.25579194685591233
15	Ticari Kuruluşlar Mevduat Hesap Adedi	2.7786743698470895
15	Bankalar Mevduatı Hesap Adedi	0.0027958081376309365
15	Döviz Tevdiat Hesap Adedi	3.8849622171281366
15	Diğer Mevduat Hesap Adedi	0.4362297971607628
15	Altın Depo Hesabı Hesap Adedi	1.00503617611439
16	Banka Çalışan Sayısı	0.09848160806065503
16	Tasarruf Mevduatı	158017.54776842054
16	Resmi Kuruluşlar Mevduatı	6626.102138266038
16	Ticari Kuruluşlar Mevduatı	30132.723625122802
16	Bankalar Mevduatı	1.328910790556761
16	Döviz Tevdiat Hesapları	103512.06913032944
16	Diğer Mevduat	6132.651520627684
16	Altın Depo Hesabı	2676.9650102063006
16	İhtisas Kredileri/ Tarım	10295.208245483835
16	İhtisas Kredileri/ Mesleki	5751.67466507979
16	İhtisas Kredileri/ Denizcilik	1.1513126355086438
16	İhtisas Kredileri/ Turizm	138.55837648603233
16	İhtisas Kredileri/ Diğer	7101.731609565932
16	İht.Dışı Krediler	290009.41921893175
16	ATM Sayısı	0.017028745867709548
16	Pos Sayısı	1.2001750902907526
16	Üye İşyeri Sayısı	1.0628736486676735
16	Tasarruf Mevduatı Hesap Adedi	74.18354429449923
16	Resmi Kuruluşlar Mevduatı Hesap Adedi	0.10819563900592444
16	Ticari Kuruluşlar Mevduat Hesap Adedi	3.31165607636143
16	Bankalar Mevduatı Hesap Adedi	0.007329895108710494
16	Döviz Tevdiat Hesap Adedi	6.507649238018731
16	Diğer Mevduat Hesap Adedi	0.5311402347121104
16	Altın Depo Hesabı Hesap Adedi	0.7035506999781136
17	Banka Çalışan Sayısı	0.04790163768200303
17	Tasarruf Mevduatı	142726.88051043416
17	Resmi Kuruluşlar Mevduatı	17234.6593648851
17	Ticari Kuruluşlar Mevduatı	10965.159182454467
17	Bankalar Mevduatı	1.1314347646167788
17	Döviz Tevdiat Hesapları	17770.1005725051
17	Diğer Mevduat	2813.9647717037005
17	Altın Depo Hesabı	5430.859515274267
17	İhtisas Kredileri/ Tarım	28338.88797211311
17	İhtisas Kredileri/ Mesleki	4942.566024559554
17	İhtisas Kredileri/ Denizcilik	0
17	İhtisas Kredileri/ Turizm	262.1484385516512
17	İhtisas Kredileri/ Diğer	4511.902291237662
17	İht.Dışı Krediler	209301.69937799498
17	ATM Sayısı	0.015417430654986946
17	Pos Sayısı	1.243810018927355
17	Üye İşyeri Sayısı	0.6356456848318967
17	Tasarruf Mevduatı Hesap Adedi	59.71210360008303
17	Resmi Kuruluşlar Mevduatı Hesap Adedi	0.4367105789777565
17	Ticari Kuruluşlar Mevduat Hesap Adedi	4.622360727457211
17	Bankalar Mevduatı Hesap Adedi	0.00715281174601572
17	Döviz Tevdiat Hesap Adedi	2.9986094640490806
17	Diğer Mevduat Hesap Adedi	0.15102150847824386
17	Altın Depo Hesabı Hesap Adedi	0.6430301104826115
18	Banka Çalışan Sayısı	0.06849043271871401
18	Tasarruf Mevduatı	119691.55806041656
18	Resmi Kuruluşlar Mevduatı	16967.811466986488
18	Ticari Kuruluşlar Mevduatı	16230.296297960558
18	Bankalar Mevduatı	1.4285368177646363
18	Döviz Tevdiat Hesapları	19774.063724469626
18	Diğer Mevduat	2951.639974769673
18	Altın Depo Hesabı	8242.78811978555
18	İhtisas Kredileri/ Tarım	57606.66272967015
18	İhtisas Kredileri/ Mesleki	10873.643548882024
18	İhtisas Kredileri/ Denizcilik	0
18	İhtisas Kredileri/ Turizm	43.28944932039782
18	İhtisas Kredileri/ Diğer	7122.634194992797
18	İht.Dışı Krediler	250697.95397480082
18	ATM Sayısı	0.018044843750942972
18	Pos Sayısı	0.6934747123093177
18	Üye İşyeri Sayısı	0.7506813333154772
18	Tasarruf Mevduatı Hesap Adedi	77.88472649934586
18	Resmi Kuruluşlar Mevduatı Hesap Adedi	0.9631235991424831
18	Ticari Kuruluşlar Mevduat Hesap Adedi	4.524623353926787
18	Bankalar Mevduatı Hesap Adedi	0.005261888098698051
18	Döviz Tevdiat Hesap Adedi	1.9682063469297923
18	Diğer Mevduat Hesap Adedi	0.913068753940981
18	Altın Depo Hesabı Hesap Adedi	1.0340648029280715
19	Banka Çalışan Sayısı	0.06350059248409111
19	Tasarruf Mevduatı	42517.56066604537
19	Resmi Kuruluşlar Mevduatı	6264.278805225426
19	Ticari Kuruluşlar Mevduatı	17483.190859385788
19	Bankalar Mevduatı	0.9073038301352049
19	Döviz Tevdiat Hesapları	20505.662447278166
19	Diğer Mevduat	3446.995167701207
19	Altın Depo Hesabı	6468.355416800028
19	İhtisas Kredileri/ Tarım	18844.113887357562
19	İhtisas Kredileri/ Mesleki	5346.7888517837455
19	İhtisas Kredileri/ Denizcilik	0
19	İhtisas Kredileri/ Turizm	23.995323091350308
19	İhtisas Kredileri/ Diğer	6274.877019506384
19	İht.Dışı Krediler	214110.5053947142
19	ATM Sayısı	0.009902104489561232
19	Pos Sayısı	0.791552865506706
19	Üye İşyeri Sayısı	0.6813756419715409
19	Tasarruf Mevduatı Hesap Adedi	70.36914084130524
19	Resmi Kuruluşlar Mevduatı Hesap Adedi	0.7548411519719336
19	Ticari Kuruluşlar Mevduat Hesap Adedi	5.605172630258824
19	Bankalar Mevduatı Hesap Adedi	0.004049398318914578
19	Döviz Tevdiat Hesap Adedi	2.991812734683201
19	Diğer Mevduat Hesap Adedi	0.5955910315230903
19	Altın Depo Hesabı Hesap Adedi	0.7600718637585058
20	Banka Çalışan Sayısı	0.06424490467068564
20	Tasarruf Mevduatı	194987.15775929225
20	Resmi Kuruluşlar Mevduatı	4724.031787841609
20	Ticari Kuruluşlar Mevduatı	37280.54258665003
20	Bankalar Mevduatı	1.1731825907567048
20	Döviz Tevdiat Hesapları	69175.58194430833
20	Diğer Mevduat	2899.5087670857165
20	Altın Depo Hesabı	5188.00954069448
20	İhtisas Kredileri/ Tarım	19142.98028368033
20	İhtisas Kredileri/ Mesleki	3131.9027578224823
20	İhtisas Kredileri/ Denizcilik	0
20	İhtisas Kredileri/ Turizm	250.05064768733473
20	İhtisas Kredileri/ Diğer	1628.408946732029
20	İht.Dışı Krediler	334131.30935321393
20	ATM Sayısı	0.017278495970318167
20	Pos Sayısı	1.0204251234108275
20	Üye İşyeri Sayısı	1.2064983166783678
20	Tasarruf Mevduatı Hesap Adedi	69.8959074724302
20	Resmi Kuruluşlar Mevduatı Hesap Adedi	0.26116178644588056
20	Ticari Kuruluşlar Mevduat Hesap Adedi	5.93075991329143
20	Bankalar Mevduatı Hesap Adedi	0.002829986698377996
20	Döviz Tevdiat Hesap Adedi	5.946421643868172
20	Diğer Mevduat Hesap Adedi	0.43337355279555584
20	Altın Depo Hesabı Hesap Adedi	0.8249856970925873
21	Banka Çalışan Sayısı	0.09096600499522016
21	Tasarruf Mevduatı	84693.75094272742
21	Resmi Kuruluşlar Mevduatı	24031.654645238814
21	Ticari Kuruluşlar Mevduatı	24535.684449513228
21	Bankalar Mevduatı	1.5598929842495988
21	Döviz Tevdiat Hesapları	22624.263171804727
21	Diğer Mevduat	8387.847793964367
21	Altın Depo Hesabı	4269.066146106102
21	İhtisas Kredileri/ Tarım	24970.10145433247
21	İhtisas Kredileri/ Mesleki	4604.687675055632
21	İhtisas Kredileri/ Denizcilik	0
21	İhtisas Kredileri/ Turizm	7.111826595817298
21	İhtisas Kredileri/ Diğer	6177.34142920643
21	İht.Dışı Krediler	483375.05381816917
21	ATM Sayısı	0.026192813670600487
21	Pos Sayısı	0.9387864577493784
21	Üye İşyeri Sayısı	0.45313381929026586
21	Tasarruf Mevduatı Hesap Adedi	74.69730511731274
21	Resmi Kuruluşlar Mevduatı Hesap Adedi	0.3996593793902721
21	Ticari Kuruluşlar Mevduat Hesap Adedi	6.055457216033975
21	Bankalar Mevduatı Hesap Adedi	0.0030032044768850273
21	Döviz Tevdiat Hesap Adedi	3.211565656088977
21	Diğer Mevduat Hesap Adedi	0.34463287840210016
21	Altın Depo Hesabı Hesap Adedi	1.1282386426522644
81	Banka Çalışan Sayısı	0.05143449609534205
81	Tasarruf Mevduatı	69216.51337711609
81	Resmi Kuruluşlar Mevduatı	5218.77940262073
81	Ticari Kuruluşlar Mevduatı	7551.963012005839
81	Bankalar Mevduatı	0.6147670094830137
81	Döviz Tevdiat Hesapları	33120.44057464527
81	Diğer Mevduat	2969.407450228742
81	Altın Depo Hesabı	2661.7435013348236
81	İhtisas Kredileri/ Tarım	8843.101214611805
81	İhtisas Kredileri/ Mesleki	4788.727120228594
81	İhtisas Kredileri/ Denizcilik	0
81	İhtisas Kredileri/ Turizm	43.41489785073841
81	İhtisas Kredileri/ Diğer	5103.707096439025
81	İht.Dışı Krediler	198751.51044096812
81	ATM Sayısı	0.01913268423534435
81	Pos Sayısı	1.1426674270853607
81	Üye İşyeri Sayısı	0.9806043315700367
81	Tasarruf Mevduatı Hesap Adedi	36.0242207876952
81	Resmi Kuruluşlar Mevduatı Hesap Adedi	0.19402395718590115
81	Ticari Kuruluşlar Mevduat Hesap Adedi	4.008726263148185
81	Bankalar Mevduatı Hesap Adedi	0.004097193452875218
81	Döviz Tevdiat Hesap Adedi	4.132839467046493
81	Diğer Mevduat Hesap Adedi	0.28595561954553084
81	Altın Depo Hesabı Hesap Adedi	0.6149362192816865
22	Banka Çalışan Sayısı	0.05704370631453673
22	Tasarruf Mevduatı	124512.29854093977
22	Resmi Kuruluşlar Mevduatı	4584.768415992647
22	Ticari Kuruluşlar Mevduatı	21802.82411554451
22	Bankalar Mevduatı	0.030920147898510768
22	Döviz Tevdiat Hesapları	52341.000076943106
22	Diğer Mevduat	3426.1946089777225
22	Altın Depo Hesabı	3389.581721216689
22	İhtisas Kredileri/ Tarım	32463.369802554815
22	İhtisas Kredileri/ Mesleki	2885.1782399799367
22	İhtisas Kredileri/ Denizcilik	0.5743374582369744
22	İhtisas Kredileri/ Turizm	62.13867563604437
22	İhtisas Kredileri/ Diğer	2524.6439013414038
22	İht.Dışı Krediler	150014.85362448808
22	ATM Sayısı	0.02666170272591963
22	Pos Sayısı	1.2740644371995935
22	Üye İşyeri Sayısı	1.2227146823753992
22	Tasarruf Mevduatı Hesap Adedi	68.11790866949025
22	Resmi Kuruluşlar Mevduatı Hesap Adedi	0.29012553366566596
22	Ticari Kuruluşlar Mevduat Hesap Adedi	6.415037669955339
22	Bankalar Mevduatı Hesap Adedi	0.008036871411644239
22	Döviz Tevdiat Hesap Adedi	5.893592849105094
22	Diğer Mevduat Hesap Adedi	1.0966097517276
22	Altın Depo Hesabı Hesap Adedi	0.953561464049018
2	Banka Çalışan Sayısı	0.03615659524799399
2	Tasarruf Mevduatı	61006.81016130674
2	Resmi Kuruluşlar Mevduatı	37754.32256499713
2	Ticari Kuruluşlar Mevduatı	12150.554677619342
2	Bankalar Mevduatı	9.251104326328269
2	Döviz Tevdiat Hesapları	22408.56025330295
2	Diğer Mevduat	1944.4050418790096
2	Altın Depo Hesabı	3268.109132304886
2	İhtisas Kredileri/ Tarım	20419.60162963528
2	İhtisas Kredileri/ Mesleki	11603.832011629114
2	İhtisas Kredileri/ Denizcilik	0
2	İhtisas Kredileri/ Turizm	20.146219156939132
2	İhtisas Kredileri/ Diğer	14479.501974840969
2	İht.Dışı Krediler	271210.18589505774
2	ATM Sayısı	0.022570261224430958
2	Pos Sayısı	1.239485586307352
2	Üye İşyeri Sayısı	0.5718665941144199
2	Tasarruf Mevduatı Hesap Adedi	45.75626419116495
2	Resmi Kuruluşlar Mevduatı Hesap Adedi	0.19826966930672377
2	Ticari Kuruluşlar Mevduat Hesap Adedi	0.6542970518694156
2	Bankalar Mevduatı Hesap Adedi	0.006169377744157762
2	Döviz Tevdiat Hesap Adedi	3.6046829402438383
2	Diğer Mevduat Hesap Adedi	0.3958124418647355
2	Altın Depo Hesabı Hesap Adedi	1.3497068636675567
23	Banka Çalışan Sayısı	0.05316932486748033
23	Tasarruf Mevduatı	83748.40719245303
23	Resmi Kuruluşlar Mevduatı	15474.62029803405
23	Ticari Kuruluşlar Mevduatı	21763.603086893505
23	Bankalar Mevduatı	0.8666523635442174
23	Döviz Tevdiat Hesapları	67162.81673422319
23	Diğer Mevduat	3448.486898935208
23	Altın Depo Hesabı	4809.879692825365
23	İhtisas Kredileri/ Tarım	9689.635200821998
23	İhtisas Kredileri/ Mesleki	2374.1660710310657
23	İhtisas Kredileri/ Denizcilik	0
23	İhtisas Kredileri/ Turizm	7.255525214229898
23	İhtisas Kredileri/ Diğer	3791.7961230973156
23	İht.Dışı Krediler	283969.24728795193
23	ATM Sayısı	0.012258867842704793
23	Pos Sayısı	0.854030167489751
23	Üye İşyeri Sayısı	0.8236945730242298
23	Tasarruf Mevduatı Hesap Adedi	59.05296314796995
23	Resmi Kuruluşlar Mevduatı Hesap Adedi	0.6146313411181246
23	Ticari Kuruluşlar Mevduat Hesap Adedi	4.129990022517415
23	Bankalar Mevduatı Hesap Adedi	0.0022866304946900238
23	Döviz Tevdiat Hesap Adedi	2.8554303756680457
23	Diğer Mevduat Hesap Adedi	0.3793022335449446
23	Altın Depo Hesabı Hesap Adedi	0.8853897008675554
24	Banka Çalışan Sayısı	0.017435045363005254
24	Tasarruf Mevduatı	74610.4299478565
24	Resmi Kuruluşlar Mevduatı	19017.38945536119
24	Ticari Kuruluşlar Mevduatı	21395.795829869658
24	Bankalar Mevduatı	0
24	Döviz Tevdiat Hesapları	24881.698140323126
24	Diğer Mevduat	2180.117332632159
24	Altın Depo Hesabı	2924.596279380805
24	İhtisas Kredileri/ Tarım	24766.43126242129
24	İhtisas Kredileri/ Mesleki	2801.450906332019
24	İhtisas Kredileri/ Denizcilik	0
24	İhtisas Kredileri/ Turizm	19.60911028288824
24	İhtisas Kredileri/ Diğer	2384.175533479873
24	İht.Dışı Krediler	133548.1959012125
24	ATM Sayısı	0.014811055669307165
24	Pos Sayısı	0.9793667789760115
24	Üye İşyeri Sayısı	1.4868655543395026
24	Tasarruf Mevduatı Hesap Adedi	69.38168594114522
24	Resmi Kuruluşlar Mevduatı Hesap Adedi	1.0918533103000352
24	Ticari Kuruluşlar Mevduat Hesap Adedi	3.4658658700414113
24	Bankalar Mevduatı Hesap Adedi	0.0028761548652804173
24	Döviz Tevdiat Hesap Adedi	7.32321929808746
24	Diğer Mevduat Hesap Adedi	0.5142276295986311
24	Altın Depo Hesabı Hesap Adedi	1.7156689492525579
25	Banka Çalışan Sayısı	0.11490868116632037
25	Tasarruf Mevduatı	50284.526307070926
25	Resmi Kuruluşlar Mevduatı	24771.141874237084
25	Ticari Kuruluşlar Mevduatı	34765.61744388053
25	Bankalar Mevduatı	4.940934401501115
25	Döviz Tevdiat Hesapları	18251.728384932554
25	Diğer Mevduat	3554.314183446187
25	Altın Depo Hesabı	2781.9324561586855
25	İhtisas Kredileri/ Tarım	18763.59707624762
25	İhtisas Kredileri/ Mesleki	4858.101803869486
25	İhtisas Kredileri/ Denizcilik	0
25	İhtisas Kredileri/ Turizm	19.234935770092378
25	İhtisas Kredileri/ Diğer	1720.9230116461363
25	İht.Dışı Krediler	285913.5975203413
25	ATM Sayısı	0.02507710943133388
25	Pos Sayısı	0.8139048331875607
25	Üye İşyeri Sayısı	0.8665202367872877
25	Tasarruf Mevduatı Hesap Adedi	79.19095391573207
25	Resmi Kuruluşlar Mevduatı Hesap Adedi	0.5497690068329341
25	Ticari Kuruluşlar Mevduat Hesap Adedi	4.46567909357972
25	Bankalar Mevduatı Hesap Adedi	0.007625632764126349
25	Döviz Tevdiat Hesap Adedi	4.094609498483679
25	Diğer Mevduat Hesap Adedi	0.462574454339704
25	Altın Depo Hesabı Hesap Adedi	0.9498674450304536
26	Banka Çalışan Sayısı	0.06927067040359632
26	Tasarruf Mevduatı	166437.40260173212
26	Resmi Kuruluşlar Mevduatı	18002.243654086942
26	Ticari Kuruluşlar Mevduatı	56881.37033309005
26	Bankalar Mevduatı	0.1728821257769706
26	Döviz Tevdiat Hesapları	61345.328712023445
26	Diğer Mevduat	4279.314178957244
26	Altın Depo Hesabı	3882.987644987805
26	İhtisas Kredileri/ Tarım	13304.852431552226
26	İhtisas Kredileri/ Mesleki	2623.728822640648
26	İhtisas Kredileri/ Denizcilik	0
26	İhtisas Kredileri/ Turizm	11.774470794750346
26	İhtisas Kredileri/ Diğer	4464.696536155708
26	İht.Dışı Krediler	364458.5137264306
26	ATM Sayısı	0.025411935376503245
26	Pos Sayısı	1.007286814185747
26	Üye İşyeri Sayısı	0.6015531405828833
26	Tasarruf Mevduatı Hesap Adedi	61.46134256560861
26	Resmi Kuruluşlar Mevduatı Hesap Adedi	0.2731328159716736
26	Ticari Kuruluşlar Mevduat Hesap Adedi	3.8518321812660035
26	Bankalar Mevduatı Hesap Adedi	0.0025908906117419295
26	Döviz Tevdiat Hesap Adedi	5.983961868983645
26	Diğer Mevduat Hesap Adedi	0.41449583437326754
26	Altın Depo Hesabı Hesap Adedi	0.9041858765214063
27	Banka Çalışan Sayısı	0.07444734800084286
27	Tasarruf Mevduatı	104149.52074154548
27	Resmi Kuruluşlar Mevduatı	12847.313351504301
27	Ticari Kuruluşlar Mevduatı	26859.531649033368
27	Bankalar Mevduatı	2.8417130265229367
27	Döviz Tevdiat Hesapları	42638.304439718406
27	Diğer Mevduat	3652.808697449452
27	Altın Depo Hesabı	5120.147043061143
27	İhtisas Kredileri/ Tarım	24044.045967265734
27	İhtisas Kredileri/ Mesleki	6767.808795746071
27	İhtisas Kredileri/ Denizcilik	0.4238147010053518
27	İhtisas Kredileri/ Turizm	184.49420026213036
27	İhtisas Kredileri/ Diğer	14035.48615305224
27	İht.Dışı Krediler	579624.9116175711
27	ATM Sayısı	0.012262998174904952
27	Pos Sayısı	1.4397086558625276
27	Üye İşyeri Sayısı	0.6701242501423257
27	Tasarruf Mevduatı Hesap Adedi	64.89678741160091
27	Resmi Kuruluşlar Mevduatı Hesap Adedi	0.2686857063976338
27	Ticari Kuruluşlar Mevduat Hesap Adedi	4.836511666335154
27	Bankalar Mevduatı Hesap Adedi	0.013112510412889355
27	Döviz Tevdiat Hesap Adedi	6.553907472179419
27	Diğer Mevduat Hesap Adedi	0.16503246157861667
27	Altın Depo Hesabı Hesap Adedi	0.8268882428357112
28	Banka Çalışan Sayısı	0.030554690955585093
28	Tasarruf Mevduatı	65421.28009649853
28	Resmi Kuruluşlar Mevduatı	8612.17615321288
28	Ticari Kuruluşlar Mevduatı	7700.241968539198
28	Bankalar Mevduatı	2.2353233076164973
28	Döviz Tevdiat Hesapları	52577.792850933874
28	Diğer Mevduat	2319.964451074016
28	Altın Depo Hesabı	4271.990672084117
28	İhtisas Kredileri/ Tarım	13597.57073010103
28	İhtisas Kredileri/ Mesleki	3428.627557155455
28	İhtisas Kredileri/ Denizcilik	0
28	İhtisas Kredileri/ Turizm	104.18482371215619
28	İhtisas Kredileri/ Diğer	3121.6955555986033
28	İht.Dışı Krediler	161481.1779345638
28	ATM Sayısı	0.009231353763417004
28	Pos Sayısı	1.1598716254212185
28	Üye İşyeri Sayısı	0.7940121975276615
28	Tasarruf Mevduatı Hesap Adedi	70.13072008668628
28	Resmi Kuruluşlar Mevduatı Hesap Adedi	0.3772943640164805
28	Ticari Kuruluşlar Mevduat Hesap Adedi	5.01223266131538
28	Bankalar Mevduatı Hesap Adedi	0.006255729406990327
28	Döviz Tevdiat Hesap Adedi	3.43414577978555
28	Diğer Mevduat Hesap Adedi	0.3185965832913751
28	Altın Depo Hesabı Hesap Adedi	0.3576855435541929
29	Banka Çalışan Sayısı	0.031146006698001827
29	Tasarruf Mevduatı	51349.73016488009
29	Resmi Kuruluşlar Mevduatı	9436.924880214547
29	Ticari Kuruluşlar Mevduatı	8749.030977582473
29	Bankalar Mevduatı	0.0591440048483788
29	Döviz Tevdiat Hesapları	17451.665445300394
29	Diğer Mevduat	2033.2613746112252
29	Altın Depo Hesabı	1945.8148476913511
29	İhtisas Kredileri/ Tarım	7891.7106561943765
29	İhtisas Kredileri/ Mesleki	3121.0184905243236
29	İhtisas Kredileri/ Denizcilik	0
29	İhtisas Kredileri/ Turizm	22.866990565169598
29	İhtisas Kredileri/ Diğer	3171.5065303610727
29	İht.Dışı Krediler	87477.25518513152
29	ATM Sayısı	0.013482274116148869
29	Pos Sayısı	1.3780011531327565
29	Üye İşyeri Sayısı	0.2878987431850245
29	Tasarruf Mevduatı Hesap Adedi	57.77588790131555
29	Resmi Kuruluşlar Mevduatı Hesap Adedi	0.206031930954609
29	Ticari Kuruluşlar Mevduat Hesap Adedi	2.4690972969135303
29	Bankalar Mevduatı Hesap Adedi	0.0025683143413095287
29	Döviz Tevdiat Hesap Adedi	3.5212931432455847
29	Diğer Mevduat Hesap Adedi	0.5872262729217959
29	Altın Depo Hesabı Hesap Adedi	0.7337014213876413
30	Banka Çalışan Sayısı	0.07802750402358138
30	Tasarruf Mevduatı	30296.440485759726
30	Resmi Kuruluşlar Mevduatı	156789.200832747
30	Ticari Kuruluşlar Mevduatı	26667.75467864284
30	Bankalar Mevduatı	0
30	Döviz Tevdiat Hesapları	13672.04680137853
30	Diğer Mevduat	3439.9276484669736
30	Altın Depo Hesabı	11154.391268847412
30	İhtisas Kredileri/ Tarım	8476.983730577933
30	İhtisas Kredileri/ Mesleki	8531.60050867838
30	İhtisas Kredileri/ Denizcilik	0
30	İhtisas Kredileri/ Turizm	42.79058347651596
30	İhtisas Kredileri/ Diğer	7180.3176845894905
30	İht.Dışı Krediler	254681.50204458108
30	ATM Sayısı	0.02038013475370143
30	Pos Sayısı	1.3596623891557211
30	Üye İşyeri Sayısı	1.0100130527882174
30	Tasarruf Mevduatı Hesap Adedi	167.95120522676666
30	Resmi Kuruluşlar Mevduatı Hesap Adedi	0.9359339742362537
30	Ticari Kuruluşlar Mevduat Hesap Adedi	5.8708049300250895
30	Bankalar Mevduatı Hesap Adedi	0.006499565584765641
30	Döviz Tevdiat Hesap Adedi	6.951904058345602
30	Diğer Mevduat Hesap Adedi	0.49291687646698057
30	Altın Depo Hesabı Hesap Adedi	3.1041677412536792
31	Banka Çalışan Sayısı	0.059864876935199346
31	Tasarruf Mevduatı	155643.12472342455
31	Resmi Kuruluşlar Mevduatı	7878.61672310122
31	Ticari Kuruluşlar Mevduatı	23706.453404272954
31	Bankalar Mevduatı	0.029464207151043864
31	Döviz Tevdiat Hesapları	122061.06362897893
31	Diğer Mevduat	3140.546705947564
31	Altın Depo Hesabı	4684.551976899852
31	İhtisas Kredileri/ Tarım	24843.67343032926
31	İhtisas Kredileri/ Mesleki	7492.213674682699
31	İhtisas Kredileri/ Denizcilik	0.7044349263521412
31	İhtisas Kredileri/ Turizm	199.31803530220677
31	İhtisas Kredileri/ Diğer	7839.76207375725
31	İht.Dışı Krediler	408260.3256509927
31	ATM Sayısı	0.01688417574290525
31	Pos Sayısı	0.8590774322632795
31	Üye İşyeri Sayısı	0.624746716719641
31	Tasarruf Mevduatı Hesap Adedi	31.530736532231778
31	Resmi Kuruluşlar Mevduatı Hesap Adedi	0.19340125596982072
31	Ticari Kuruluşlar Mevduat Hesap Adedi	5.434048847093166
31	Bankalar Mevduatı Hesap Adedi	0.00545292513341596
31	Döviz Tevdiat Hesap Adedi	4.223841187737396
31	Diğer Mevduat Hesap Adedi	0.5018656073333427
31	Altın Depo Hesabı Hesap Adedi	0.8393476465142465
76	Banka Çalışan Sayısı	0.08919077325183719
76	Tasarruf Mevduatı	104327.81499525995
76	Resmi Kuruluşlar Mevduatı	17008.75905807885
76	Ticari Kuruluşlar Mevduatı	10847.024975771335
76	Bankalar Mevduatı	0
76	Döviz Tevdiat Hesapları	33658.08615571157
76	Diğer Mevduat	3219.5015475413365
76	Altın Depo Hesabı	5896.406370331732
76	İhtisas Kredileri/ Tarım	23251.426483513562
76	İhtisas Kredileri/ Mesleki	1639.5028837879481
76	İhtisas Kredileri/ Denizcilik	0
76	İhtisas Kredileri/ Turizm	183.8967291752144
76	İhtisas Kredileri/ Diğer	2484.9637541814577
76	İht.Dışı Krediler	324477.4914203851
76	ATM Sayısı	0.015362484954056801
76	Pos Sayısı	0.47699355505335306
76	Üye İşyeri Sayısı	1.1064756687197268
76	Tasarruf Mevduatı Hesap Adedi	76.83074739049533
76	Resmi Kuruluşlar Mevduatı Hesap Adedi	0.1411131942795083
76	Ticari Kuruluşlar Mevduat Hesap Adedi	4.791828201990362
76	Bankalar Mevduatı Hesap Adedi	0.0035333327538013696
76	Döviz Tevdiat Hesap Adedi	5.397181208732795
76	Diğer Mevduat Hesap Adedi	0.39736623110957275
76	Altın Depo Hesabı Hesap Adedi	1.1965069621858606
3	Banka Çalışan Sayısı	0.09094576245204358
3	Tasarruf Mevduatı	19376.443755104367
3	Resmi Kuruluşlar Mevduatı	15225.346918452786
3	Ticari Kuruluşlar Mevduatı	11922.357026290121
3	Bankalar Mevduatı	-0.32288633898498603
3	Döviz Tevdiat Hesapları	97594.64613556131
3	Diğer Mevduat	2721.3846955608155
3	Altın Depo Hesabı	6524.776929236012
3	İhtisas Kredileri/ Tarım	16698.30818974093
3	İhtisas Kredileri/ Mesleki	5541.036167062429
3	İhtisas Kredileri/ Denizcilik	0
3	İhtisas Kredileri/ Turizm	114.31709399295275
3	İhtisas Kredileri/ Diğer	8537.171143936497
3	İht.Dışı Krediler	192535.88163815453
3	ATM Sayısı	0.02197651244008408
3	Pos Sayısı	0.8937877875929373
3	Üye İşyeri Sayısı	0.8712287788320667
3	Tasarruf Mevduatı Hesap Adedi	69.834394518413
3	Resmi Kuruluşlar Mevduatı Hesap Adedi	0.28137577243632994
3	Ticari Kuruluşlar Mevduat Hesap Adedi	4.457714434377165
3	Bankalar Mevduatı Hesap Adedi	0.0095274158701718
3	Döviz Tevdiat Hesap Adedi	10.11664314875142
3	Diğer Mevduat Hesap Adedi	0.5849732218178315
3	Altın Depo Hesabı Hesap Adedi	0.8378918697622215
32	Banka Çalışan Sayısı	0.05641418355627436
32	Tasarruf Mevduatı	115359.86299226599
32	Resmi Kuruluşlar Mevduatı	5030.129583003329
32	Ticari Kuruluşlar Mevduatı	17545.324202613745
32	Bankalar Mevduatı	1.5133510804851702
32	Döviz Tevdiat Hesapları	36690.33202108812
32	Diğer Mevduat	4054.72060132013
32	Altın Depo Hesabı	4420.0840781463885
32	İhtisas Kredileri/ Tarım	23496.327343816134
32	İhtisas Kredileri/ Mesleki	1608.2740246631786
32	İhtisas Kredileri/ Denizcilik	0
32	İhtisas Kredileri/ Turizm	38.49355469094505
32	İhtisas Kredileri/ Diğer	3850.6437362252077
32	İht.Dışı Krediler	182484.65098466811
32	ATM Sayısı	0.01058081948986133
32	Pos Sayısı	1.4536729021628971
32	Üye İşyeri Sayısı	1.4478915139133168
32	Tasarruf Mevduatı Hesap Adedi	78.68095712573785
32	Resmi Kuruluşlar Mevduatı Hesap Adedi	0.3276155222543609
32	Ticari Kuruluşlar Mevduat Hesap Adedi	4.161174282656116
32	Bankalar Mevduatı Hesap Adedi	0.005893530924061674
32	Döviz Tevdiat Hesap Adedi	6.5351948614295745
32	Diğer Mevduat Hesap Adedi	0.3876001335772702
32	Altın Depo Hesabı Hesap Adedi	1.1132518325968914
33	Banka Çalışan Sayısı	0.03621200933598304
33	Tasarruf Mevduatı	129048.20228055594
33	Resmi Kuruluşlar Mevduatı	5213.052293885045
33	Ticari Kuruluşlar Mevduatı	5544.610582696596
33	Bankalar Mevduatı	215.7226008163835
33	Döviz Tevdiat Hesapları	39603.238788956325
33	Diğer Mevduat	4353.271491133015
33	Altın Depo Hesabı	2345.2854613037107
33	İhtisas Kredileri/ Tarım	6573.396384371259
33	İhtisas Kredileri/ Mesleki	2006.8139980180033
33	İhtisas Kredileri/ Denizcilik	0
33	İhtisas Kredileri/ Turizm	25.740663110172925
33	İhtisas Kredileri/ Diğer	1528.7582171270137
33	İht.Dışı Krediler	130978.61153863808
33	ATM Sayısı	0.00790079123659497
33	Pos Sayısı	1.353854547264418
33	Üye İşyeri Sayısı	0.7505413301368472
33	Tasarruf Mevduatı Hesap Adedi	34.311081516343215
33	Resmi Kuruluşlar Mevduatı Hesap Adedi	0.11166400799680776
33	Ticari Kuruluşlar Mevduat Hesap Adedi	4.391424732012293
33	Bankalar Mevduatı Hesap Adedi	0.0034313002686686992
33	Döviz Tevdiat Hesap Adedi	2.569181374960208
33	Diğer Mevduat Hesap Adedi	0.16750033561979258
33	Altın Depo Hesabı Hesap Adedi	0.2735231994007701
35	Banka Çalışan Sayısı	0.09328162495932268
35	Tasarruf Mevduatı	63342.5612881585
35	Resmi Kuruluşlar Mevduatı	5815.854366253123
35	Ticari Kuruluşlar Mevduatı	19079.665180201133
35	Bankalar Mevduatı	4.86494700245813
35	Döviz Tevdiat Hesapları	85296.51758074304
35	Diğer Mevduat	7118.201990232987
35	Altın Depo Hesabı	6613.050646805716
35	İhtisas Kredileri/ Tarım	10238.213927856737
35	İhtisas Kredileri/ Mesleki	2106.4289444525134
35	İhtisas Kredileri/ Denizcilik	0.2567586170975816
35	İhtisas Kredileri/ Turizm	195.8232597674234
35	İhtisas Kredileri/ Diğer	1182.9039935591081
35	İht.Dışı Krediler	345694.1638383027
35	ATM Sayısı	0.015399201889273207
35	Pos Sayısı	0.8783679875890521
35	Üye İşyeri Sayısı	0.3981639906039627
35	Tasarruf Mevduatı Hesap Adedi	53.83786305326955
35	Resmi Kuruluşlar Mevduatı Hesap Adedi	0.0755460345555209
35	Ticari Kuruluşlar Mevduat Hesap Adedi	4.30340440705597
35	Bankalar Mevduatı Hesap Adedi	0.005500215588249074
35	Döviz Tevdiat Hesap Adedi	5.6302652414236904
35	Diğer Mevduat Hesap Adedi	0.34855051342570853
35	Altın Depo Hesabı Hesap Adedi	0.6427957218761964
46	Banka Çalışan Sayısı	0.03586019541323196
46	Tasarruf Mevduatı	52502.2075565454
46	Resmi Kuruluşlar Mevduatı	7499.646074693519
46	Ticari Kuruluşlar Mevduatı	11930.930005816124
46	Bankalar Mevduatı	5.343614818878997
46	Döviz Tevdiat Hesapları	58739.09223371995
46	Diğer Mevduat	4706.562908128411
46	Altın Depo Hesabı	4374.2733117328535
46	İhtisas Kredileri/ Tarım	21808.01278516233
46	İhtisas Kredileri/ Mesleki	5608.45951492378
46	İhtisas Kredileri/ Denizcilik	0
46	İhtisas Kredileri/ Turizm	123.5502487989605
46	İhtisas Kredileri/ Diğer	7665.387507830346
46	İht.Dışı Krediler	463265.37021415355
46	ATM Sayısı	0.0175308570215328
46	Pos Sayısı	0.6592228047380411
46	Üye İşyeri Sayısı	1.1206513037455672
46	Tasarruf Mevduatı Hesap Adedi	37.835715363362354
46	Resmi Kuruluşlar Mevduatı Hesap Adedi	0.42191091242124035
46	Ticari Kuruluşlar Mevduat Hesap Adedi	3.5685965334698895
46	Bankalar Mevduatı Hesap Adedi	0.0064929899544149796
46	Döviz Tevdiat Hesap Adedi	5.300875008325728
46	Diğer Mevduat Hesap Adedi	0.24089932561472507
46	Altın Depo Hesabı Hesap Adedi	1.171549311781467
78	Banka Çalışan Sayısı	0.06855485358795839
78	Tasarruf Mevduatı	112025.71427636847
78	Resmi Kuruluşlar Mevduatı	15233.867977862259
78	Ticari Kuruluşlar Mevduatı	18638.231688262775
78	Bankalar Mevduatı	35.88291498498489
78	Döviz Tevdiat Hesapları	51198.82862443499
78	Diğer Mevduat	4213.656615594537
78	Altın Depo Hesabı	3821.6053482457
78	İhtisas Kredileri/ Tarım	4950.495266166175
78	İhtisas Kredileri/ Mesleki	3491.824020697953
78	İhtisas Kredileri/ Denizcilik	0
78	İhtisas Kredileri/ Turizm	132.83932204278233
78	İhtisas Kredileri/ Diğer	2984.667646953266
78	İht.Dışı Krediler	360473.62367410393
78	ATM Sayısı	0.005317416170440436
78	Pos Sayısı	0.8335540093186733
78	Üye İşyeri Sayısı	0.960135784190003
78	Tasarruf Mevduatı Hesap Adedi	40.43089553659654
78	Resmi Kuruluşlar Mevduatı Hesap Adedi	0.43602250298624323
78	Ticari Kuruluşlar Mevduat Hesap Adedi	3.9223884827351267
78	Bankalar Mevduatı Hesap Adedi	0.0039204056639245005
78	Döviz Tevdiat Hesap Adedi	2.608855090560649
78	Diğer Mevduat Hesap Adedi	0.79344091488302
78	Altın Depo Hesabı Hesap Adedi	1.6127673919164491
70	Banka Çalışan Sayısı	0.04346477356876924
70	Tasarruf Mevduatı	86345.19918467365
70	Resmi Kuruluşlar Mevduatı	13389.196425725335
70	Ticari Kuruluşlar Mevduatı	19568.98352908941
70	Bankalar Mevduatı	1.110154923163536
70	Döviz Tevdiat Hesapları	23407.83976252324
70	Diğer Mevduat	3606.470415025601
70	Altın Depo Hesabı	5000.507211553771
70	İhtisas Kredileri/ Tarım	21278.273542643998
70	İhtisas Kredileri/ Mesleki	1589.4377864357157
70	İhtisas Kredileri/ Denizcilik	0
70	İhtisas Kredileri/ Turizm	7.918881993773898
70	İhtisas Kredileri/ Diğer	2912.6027186939727
70	İht.Dışı Krediler	206937.9813466266
70	ATM Sayısı	0.014711926760937135
70	Pos Sayısı	1.1290111212927112
70	Üye İşyeri Sayısı	1.4782342116561586
70	Tasarruf Mevduatı Hesap Adedi	54.01801047286045
70	Resmi Kuruluşlar Mevduatı Hesap Adedi	0.09607277422098975
70	Ticari Kuruluşlar Mevduat Hesap Adedi	4.533553395971559
70	Bankalar Mevduatı Hesap Adedi	0.003931423936063309
70	Döviz Tevdiat Hesap Adedi	5.998673126768374
70	Diğer Mevduat Hesap Adedi	0.4770073053659216
70	Altın Depo Hesabı Hesap Adedi	1.1439855250515372
36	Banka Çalışan Sayısı	0.07413655186558336
36	Tasarruf Mevduatı	90692.34349628275
36	Resmi Kuruluşlar Mevduatı	16665.662033599892
36	Ticari Kuruluşlar Mevduatı	23243.175953888232
36	Bankalar Mevduatı	0
36	Döviz Tevdiat Hesapları	17804.30523437486
36	Diğer Mevduat	4721.397019188065
36	Altın Depo Hesabı	3910.5879552651486
36	İhtisas Kredileri/ Tarım	51084.68934325801
36	İhtisas Kredileri/ Mesleki	6121.854193551235
36	İhtisas Kredileri/ Denizcilik	0
36	İhtisas Kredileri/ Turizm	95.47489147467398
36	İhtisas Kredileri/ Diğer	2753.2845230356106
36	İht.Dışı Krediler	253102.83191800336
36	ATM Sayısı	0.01760703842496565
36	Pos Sayısı	1.2686804472638957
36	Üye İşyeri Sayısı	1.0155390857682487
36	Tasarruf Mevduatı Hesap Adedi	93.0924329240349
36	Resmi Kuruluşlar Mevduatı Hesap Adedi	0.7434965454477581
36	Ticari Kuruluşlar Mevduat Hesap Adedi	6.212536292559933
36	Bankalar Mevduatı Hesap Adedi	0.006231791212120674
36	Döviz Tevdiat Hesap Adedi	3.8898287320293816
36	Diğer Mevduat Hesap Adedi	0.4641774391479648
36	Altın Depo Hesabı Hesap Adedi	0.9722811670117968
37	Banka Çalışan Sayısı	0.0528154837272164
37	Tasarruf Mevduatı	95395.15410940011
37	Resmi Kuruluşlar Mevduatı	6540.01408745349
37	Ticari Kuruluşlar Mevduatı	7099.57209824138
37	Bankalar Mevduatı	2.618282588467424
37	Döviz Tevdiat Hesapları	23550.501226188026
37	Diğer Mevduat	2950.5887378284924
37	Altın Depo Hesabı	4965.2079364476485
37	İhtisas Kredileri/ Tarım	31914.94859213427
37	İhtisas Kredileri/ Mesleki	7076.183018858822
37	İhtisas Kredileri/ Denizcilik	0
37	İhtisas Kredileri/ Turizm	204.21210634570141
37	İhtisas Kredileri/ Diğer	4335.9185280574775
37	İht.Dışı Krediler	144269.69353985737
37	ATM Sayısı	0.016500301566724312
37	Pos Sayısı	1.0453976538841192
37	Üye İşyeri Sayısı	1.3905438000911017
37	Tasarruf Mevduatı Hesap Adedi	45.35302242500531
37	Resmi Kuruluşlar Mevduatı Hesap Adedi	0.47777441235969625
37	Ticari Kuruluşlar Mevduat Hesap Adedi	4.744968239020728
37	Bankalar Mevduatı Hesap Adedi	0.004157120154366891
37	Döviz Tevdiat Hesap Adedi	4.6289587455168935
37	Diğer Mevduat Hesap Adedi	0.48298285721585843
37	Altın Depo Hesabı Hesap Adedi	0.5625622945589559
38	Banka Çalışan Sayısı	0.055216481928849766
38	Tasarruf Mevduatı	56973.58253338213
38	Resmi Kuruluşlar Mevduatı	11738.184419093566
38	Ticari Kuruluşlar Mevduatı	55362.444939027424
38	Bankalar Mevduatı	9.622635174942078
38	Döviz Tevdiat Hesapları	106945.84739523253
38	Diğer Mevduat	4984.019152648922
38	Altın Depo Hesabı	7162.250583920146
38	İhtisas Kredileri/ Tarım	5023.951302972568
38	İhtisas Kredileri/ Mesleki	2211.8219093624034
38	İhtisas Kredileri/ Denizcilik	0
38	İhtisas Kredileri/ Turizm	7.035073200367314
38	İhtisas Kredileri/ Diğer	4551.507075330089
38	İht.Dışı Krediler	281804.64034854464
38	ATM Sayısı	0.012004871792421821
38	Pos Sayısı	1.7194721875090888
38	Üye İşyeri Sayısı	1.0771196011194932
38	Tasarruf Mevduatı Hesap Adedi	91.28064066128184
38	Resmi Kuruluşlar Mevduatı Hesap Adedi	0.2825398147382272
38	Ticari Kuruluşlar Mevduat Hesap Adedi	2.4152165766561997
38	Bankalar Mevduatı Hesap Adedi	0.004692493683111452
38	Döviz Tevdiat Hesap Adedi	8.259161872463661
38	Diğer Mevduat Hesap Adedi	0.21127429173005233
38	Altın Depo Hesabı Hesap Adedi	0.8006338219971372
71	Banka Çalışan Sayısı	0.06050139419193298
71	Tasarruf Mevduatı	78744.46032583233
71	Resmi Kuruluşlar Mevduatı	11359.831165971544
71	Ticari Kuruluşlar Mevduatı	9502.490613622214
71	Bankalar Mevduatı	0
71	Döviz Tevdiat Hesapları	12985.998420869739
71	Diğer Mevduat	3178.969660398286
71	Altın Depo Hesabı	6099.25242896555
71	İhtisas Kredileri/ Tarım	19767.804790452243
71	İhtisas Kredileri/ Mesleki	3976.439216847803
71	İhtisas Kredileri/ Denizcilik	0
71	İhtisas Kredileri/ Turizm	4.180881712668805
71	İhtisas Kredileri/ Diğer	5212.2637855927105
71	İht.Dışı Krediler	161734.31732900342
71	ATM Sayısı	0.018840087779968727
71	Pos Sayısı	0.8392859660987833
71	Üye İşyeri Sayısı	1.2069440271704832
71	Tasarruf Mevduatı Hesap Adedi	65.37256353258024
71	Resmi Kuruluşlar Mevduatı Hesap Adedi	0.38533708822693147
71	Ticari Kuruluşlar Mevduat Hesap Adedi	3.093531414982776
71	Bankalar Mevduatı Hesap Adedi	0.005296308485295223
71	Döviz Tevdiat Hesap Adedi	4.309814571537977
71	Diğer Mevduat Hesap Adedi	0.25010279276105835
71	Altın Depo Hesabı Hesap Adedi	0.8672634323628086
4	Banka Çalışan Sayısı	0.06988016984478478
4	Tasarruf Mevduatı	105528.0736828312
4	Resmi Kuruluşlar Mevduatı	28984.377794530774
4	Ticari Kuruluşlar Mevduatı	58486.28970513356
4	Bankalar Mevduatı	0.07286932815229341
4	Döviz Tevdiat Hesapları	24403.426878052698
4	Diğer Mevduat	1519.5048115215363
4	Altın Depo Hesabı	4800.432000667163
4	İhtisas Kredileri/ Tarım	33782.29211606445
4	İhtisas Kredileri/ Mesleki	4503.900903487426
4	İhtisas Kredileri/ Denizcilik	0
4	İhtisas Kredileri/ Turizm	33.35573145050186
4	İhtisas Kredileri/ Diğer	5923.796355525224
4	İht.Dışı Krediler	93194.94351265005
4	ATM Sayısı	0.013093985152808248
4	Pos Sayısı	0.8997792811079832
4	Üye İşyeri Sayısı	1.1864911524972102
4	Tasarruf Mevduatı Hesap Adedi	135.72148377095155
4	Resmi Kuruluşlar Mevduatı Hesap Adedi	0.6106751949147939
4	Ticari Kuruluşlar Mevduat Hesap Adedi	4.770361731792703
4	Bankalar Mevduatı Hesap Adedi	0.00866358709154288
4	Döviz Tevdiat Hesap Adedi	5.825349971109021
4	Diğer Mevduat Hesap Adedi	0.698858979123482
4	Altın Depo Hesabı Hesap Adedi	0.9065980251225438
39	Banka Çalışan Sayısı	0.06147319099838083
39	Tasarruf Mevduatı	181548.3120111921
39	Resmi Kuruluşlar Mevduatı	6446.599538978637
39	Ticari Kuruluşlar Mevduatı	17250.506519646
39	Bankalar Mevduatı	0.09600595777705917
39	Döviz Tevdiat Hesapları	50401.378410665006
39	Diğer Mevduat	5161.820273438425
39	Altın Depo Hesabı	3634.5055615459914
39	İhtisas Kredileri/ Tarım	53672.766867067665
39	İhtisas Kredileri/ Mesleki	3689.1469157408824
39	İhtisas Kredileri/ Denizcilik	0
39	İhtisas Kredileri/ Turizm	91.18971092898963
39	İhtisas Kredileri/ Diğer	2101.733467769722
39	İht.Dışı Krediler	315190.2983575053
39	ATM Sayısı	0.02291300391423331
39	Pos Sayısı	1.0294115260657568
39	Üye İşyeri Sayısı	0.9119159838964318
39	Tasarruf Mevduatı Hesap Adedi	108.28655702929453
39	Resmi Kuruluşlar Mevduatı Hesap Adedi	0.4387871495749991
39	Ticari Kuruluşlar Mevduat Hesap Adedi	4.210623694845132
39	Bankalar Mevduatı Hesap Adedi	0.004168966790492076
39	Döviz Tevdiat Hesap Adedi	6.554808220750089
39	Diğer Mevduat Hesap Adedi	0.7693731414004779
39	Altın Depo Hesabı Hesap Adedi	0.9110264442901469
40	Banka Çalışan Sayısı	0.07313359323864625
40	Tasarruf Mevduatı	44920.80537291244
40	Resmi Kuruluşlar Mevduatı	13527.477862557083
40	Ticari Kuruluşlar Mevduatı	17510.838008826697
40	Bankalar Mevduatı	0
40	Döviz Tevdiat Hesapları	136306.99221898755
40	Diğer Mevduat	1656.419259635264
40	Altın Depo Hesabı	7464.392117527576
40	İhtisas Kredileri/ Tarım	69364.29254432122
40	İhtisas Kredileri/ Mesleki	4834.76140552668
40	İhtisas Kredileri/ Denizcilik	0
40	İhtisas Kredileri/ Turizm	4285.560446870173
40	İhtisas Kredileri/ Diğer	7748.488217540988
40	İht.Dışı Krediler	300920.41434805247
40	ATM Sayısı	0.013558878601060689
40	Pos Sayısı	0.7491062287723569
40	Üye İşyeri Sayısı	1.103522622053616
40	Tasarruf Mevduatı Hesap Adedi	37.55948264526225
40	Resmi Kuruluşlar Mevduatı Hesap Adedi	0.4059743032318287
40	Ticari Kuruluşlar Mevduat Hesap Adedi	6.201937806514113
40	Bankalar Mevduatı Hesap Adedi	0.002345093926029707
40	Döviz Tevdiat Hesap Adedi	8.445363746859538
40	Diğer Mevduat Hesap Adedi	0.47102744904863963
40	Altın Depo Hesabı Hesap Adedi	0.879489089266422
79	Banka Çalışan Sayısı	0.012553301354158998
79	Tasarruf Mevduatı	28542.32392986139
79	Resmi Kuruluşlar Mevduatı	11185.736479232182
79	Ticari Kuruluşlar Mevduatı	7420.2934723362805
79	Bankalar Mevduatı	0
79	Döviz Tevdiat Hesapları	12293.353577879081
79	Diğer Mevduat	3745.881816933974
79	Altın Depo Hesabı	2043.8282773860835
79	İhtisas Kredileri/ Tarım	26749.1404949986
79	İhtisas Kredileri/ Mesleki	1995.6085515070927
79	İhtisas Kredileri/ Denizcilik	0
79	İhtisas Kredileri/ Turizm	6.406877795191732
79	İhtisas Kredileri/ Diğer	3836.776196659026
79	İht.Dışı Krediler	88440.53232004395
79	ATM Sayısı	0.009317067560111513
79	Pos Sayısı	1.1892453109332375
79	Üye İşyeri Sayısı	0.982868751710022
79	Tasarruf Mevduatı Hesap Adedi	45.171764031185496
79	Resmi Kuruluşlar Mevduatı Hesap Adedi	0.47781440472870995
79	Ticari Kuruluşlar Mevduat Hesap Adedi	2.387015541835383
79	Bankalar Mevduatı Hesap Adedi	0.0028513437253741922
79	Döviz Tevdiat Hesap Adedi	2.186607422275366
79	Diğer Mevduat Hesap Adedi	0.3516076553952976
79	Altın Depo Hesabı Hesap Adedi	0.49478311421445703
41	Banka Çalışan Sayısı	0.10641700858262162
41	Tasarruf Mevduatı	148687.3582193978
41	Resmi Kuruluşlar Mevduatı	18990.783743960554
41	Ticari Kuruluşlar Mevduatı	70716.51842348845
41	Bankalar Mevduatı	845.2813167670699
41	Döviz Tevdiat Hesapları	77693.22869392704
41	Diğer Mevduat	15338.670709919843
41	Altın Depo Hesabı	2815.1594617056903
41	İhtisas Kredileri/ Tarım	2917.807451831802
41	İhtisas Kredileri/ Mesleki	1192.7722774957356
41	İhtisas Kredileri/ Denizcilik	0
41	İhtisas Kredileri/ Turizm	48.0963371700969
41	İhtisas Kredileri/ Diğer	6648.284811376135
41	İht.Dışı Krediler	389103.52853692975
41	ATM Sayısı	0.035277653700876314
41	Pos Sayısı	0.8995864819627631
41	Üye İşyeri Sayısı	1.6068383803729853
41	Tasarruf Mevduatı Hesap Adedi	32.44804812178633
41	Resmi Kuruluşlar Mevduatı Hesap Adedi	0.20508701548206287
41	Ticari Kuruluşlar Mevduat Hesap Adedi	4.084099983724901
41	Bankalar Mevduatı Hesap Adedi	0.0067440562940351756
41	Döviz Tevdiat Hesap Adedi	4.948855000876791
41	Diğer Mevduat Hesap Adedi	0.3837793299617921
41	Altın Depo Hesabı Hesap Adedi	1.323517517355973
42	Banka Çalışan Sayısı	0.02876385842878588
42	Tasarruf Mevduatı	147543.6865591259
42	Resmi Kuruluşlar Mevduatı	16932.154374872654
42	Ticari Kuruluşlar Mevduatı	22824.16685675503
42	Bankalar Mevduatı	1.8667807488273627
42	Döviz Tevdiat Hesapları	46839.480498682344
42	Diğer Mevduat	3230.9325531909417
42	Altın Depo Hesabı	5401.3512643412705
42	İhtisas Kredileri/ Tarım	28346.141056275177
42	İhtisas Kredileri/ Mesleki	3421.767911486073
42	İhtisas Kredileri/ Denizcilik	0
42	İhtisas Kredileri/ Turizm	177.96216119869882
42	İhtisas Kredileri/ Diğer	1305.6659134749275
42	İht.Dışı Krediler	223747.32289610276
42	ATM Sayısı	0.013187859416442672
42	Pos Sayısı	0.8318905538251469
42	Üye İşyeri Sayısı	1.3182898720861118
42	Tasarruf Mevduatı Hesap Adedi	46.1057809505589
42	Resmi Kuruluşlar Mevduatı Hesap Adedi	0.1911299611930234
42	Ticari Kuruluşlar Mevduat Hesap Adedi	6.128442851502923
42	Bankalar Mevduatı Hesap Adedi	0.006254760558620351
42	Döviz Tevdiat Hesap Adedi	4.920666862299765
42	Diğer Mevduat Hesap Adedi	0.272961094509476
42	Altın Depo Hesabı Hesap Adedi	0.41371884112720664
43	Banka Çalışan Sayısı	0.036957727769448466
43	Tasarruf Mevduatı	111226.20999095004
43	Resmi Kuruluşlar Mevduatı	8982.00093524805
43	Ticari Kuruluşlar Mevduatı	20666.36799337224
43	Bankalar Mevduatı	0.19997154457761418
43	Döviz Tevdiat Hesapları	53210.354205223164
43	Diğer Mevduat	3175.7061465401075
43	Altın Depo Hesabı	8750.617946162245
43	İhtisas Kredileri/ Tarım	13005.671643454938
43	İhtisas Kredileri/ Mesleki	1724.9220342496649
43	İhtisas Kredileri/ Denizcilik	0
43	İhtisas Kredileri/ Turizm	36.04472870345113
43	İhtisas Kredileri/ Diğer	2983.256335954504
43	İht.Dışı Krediler	251608.98198722367
43	ATM Sayısı	0.016133346654668344
43	Pos Sayısı	1.4562407690116816
43	Üye İşyeri Sayısı	1.1050680878522272
43	Tasarruf Mevduatı Hesap Adedi	69.22606834030094
43	Resmi Kuruluşlar Mevduatı Hesap Adedi	0.42924926277776826
43	Ticari Kuruluşlar Mevduat Hesap Adedi	3.638278608696882
43	Bankalar Mevduatı Hesap Adedi	0.007292249673590194
43	Döviz Tevdiat Hesap Adedi	5.646703882490059
43	Diğer Mevduat Hesap Adedi	0.16299864395415603
43	Altın Depo Hesabı Hesap Adedi	0.9236235158062823
44	Banka Çalışan Sayısı	0.02459070779054275
44	Tasarruf Mevduatı	29729.157616319855
44	Resmi Kuruluşlar Mevduatı	9928.090223984904
44	Ticari Kuruluşlar Mevduatı	17252.84640050213
44	Bankalar Mevduatı	0.13739275187702688
44	Döviz Tevdiat Hesapları	29214.043066820683
44	Diğer Mevduat	2393.6854809748615
44	Altın Depo Hesabı	2741.1988766740874
44	İhtisas Kredileri/ Tarım	27908.539884903897
44	İhtisas Kredileri/ Mesleki	2901.6836248797326
44	İhtisas Kredileri/ Denizcilik	0
44	İhtisas Kredileri/ Turizm	17.86728581809944
44	İhtisas Kredileri/ Diğer	3683.933921304957
44	İht.Dışı Krediler	259860.58018095302
44	ATM Sayısı	0.014414990717101835
44	Pos Sayısı	1.0465056752954627
44	Üye İşyeri Sayısı	1.125172067193401
44	Tasarruf Mevduatı Hesap Adedi	74.84922897338714
44	Resmi Kuruluşlar Mevduatı Hesap Adedi	0.3503314432732696
44	Ticari Kuruluşlar Mevduat Hesap Adedi	4.740160046285977
44	Bankalar Mevduatı Hesap Adedi	0.002468297051128464
44	Döviz Tevdiat Hesap Adedi	3.9925268366763627
44	Diğer Mevduat Hesap Adedi	0.4284925497255284
44	Altın Depo Hesabı Hesap Adedi	0.8614874533975616
45	Banka Çalışan Sayısı	0.020607246169140454
45	Tasarruf Mevduatı	86652.25667653675
45	Resmi Kuruluşlar Mevduatı	8047.836505059238
45	Ticari Kuruluşlar Mevduatı	20628.65327155879
45	Bankalar Mevduatı	1.0005756941535533
45	Döviz Tevdiat Hesapları	30717.090520827758
45	Diğer Mevduat	3500.6061740449327
45	Altın Depo Hesabı	4216.649992655014
45	İhtisas Kredileri/ Tarım	56068.03250024165
45	İhtisas Kredileri/ Mesleki	3851.218537007528
45	İhtisas Kredileri/ Denizcilik	0
45	İhtisas Kredileri/ Turizm	70.76327880854117
45	İhtisas Kredileri/ Diğer	6617.355731568774
45	İht.Dışı Krediler	86186.74543665617
45	ATM Sayısı	0.016984119738521566
45	Pos Sayısı	0.8585960856334272
45	Üye İşyeri Sayısı	1.6706808305738923
45	Tasarruf Mevduatı Hesap Adedi	9.256289183884135
45	Resmi Kuruluşlar Mevduatı Hesap Adedi	0.3948782115500859
45	Ticari Kuruluşlar Mevduat Hesap Adedi	7.962559129298146
45	Bankalar Mevduatı Hesap Adedi	0.007800425205995717
45	Döviz Tevdiat Hesap Adedi	4.235543498651223
45	Diğer Mevduat Hesap Adedi	0.2446510697752328
45	Altın Depo Hesabı Hesap Adedi	1.1001524670804643
47	Banka Çalışan Sayısı	0.03750418272041359
47	Tasarruf Mevduatı	53111.77973028428
47	Resmi Kuruluşlar Mevduatı	23063.218928075716
47	Ticari Kuruluşlar Mevduatı	20006.803410960023
47	Bankalar Mevduatı	4.476184222543616
47	Döviz Tevdiat Hesapları	22389.144302276527
47	Diğer Mevduat	2393.227708790125
47	Altın Depo Hesabı	3565.7539548483505
47	İhtisas Kredileri/ Tarım	44570.039112691666
47	İhtisas Kredileri/ Mesleki	8040.05856727011
47	İhtisas Kredileri/ Denizcilik	0
47	İhtisas Kredileri/ Turizm	21.76487552300047
47	İhtisas Kredileri/ Diğer	6544.683613258603
47	İht.Dışı Krediler	175873.0467201123
47	ATM Sayısı	0.017048642288851997
47	Pos Sayısı	0.6636727309959476
47	Üye İşyeri Sayısı	1.1014442114118619
47	Tasarruf Mevduatı Hesap Adedi	27.031213795870556
47	Resmi Kuruluşlar Mevduatı Hesap Adedi	0.4959527239236631
47	Ticari Kuruluşlar Mevduat Hesap Adedi	2.354055779932233
47	Bankalar Mevduatı Hesap Adedi	0.0042767795913527034
47	Döviz Tevdiat Hesap Adedi	2.080051485646327
47	Diğer Mevduat Hesap Adedi	0.2321356217517991
47	Altın Depo Hesabı Hesap Adedi	0.5896618412678373
48	Banka Çalışan Sayısı	0.05426743138238006
48	Tasarruf Mevduatı	114367.59705241848
48	Resmi Kuruluşlar Mevduatı	3530.2492101143944
48	Ticari Kuruluşlar Mevduatı	19878.00499029838
48	Bankalar Mevduatı	0.45868870281386925
48	Döviz Tevdiat Hesapları	71840.02881999828
48	Diğer Mevduat	1332.5753622317168
48	Altın Depo Hesabı	5038.6731869391315
48	İhtisas Kredileri/ Tarım	6142.4214964472585
48	İhtisas Kredileri/ Mesleki	1883.3780828492354
48	İhtisas Kredileri/ Denizcilik	22.979406064112645
48	İhtisas Kredileri/ Turizm	615.9223320582774
48	İhtisas Kredileri/ Diğer	3213.6630419066214
48	İht.Dışı Krediler	177765.36550474563
48	ATM Sayısı	0.022563783542362548
48	Pos Sayısı	1.256456008255377
48	Üye İşyeri Sayısı	0.48209162384000925
48	Tasarruf Mevduatı Hesap Adedi	39.546038900705504
48	Resmi Kuruluşlar Mevduatı Hesap Adedi	0.1323226855043321
48	Ticari Kuruluşlar Mevduat Hesap Adedi	4.2237605700518355
48	Bankalar Mevduatı Hesap Adedi	0.004616870294436639
48	Döviz Tevdiat Hesap Adedi	4.180183508598268
48	Diğer Mevduat Hesap Adedi	0.11639728154715394
48	Altın Depo Hesabı Hesap Adedi	0.48169607601894204
68	Banka Çalışan Sayısı	0.04841296131292834
68	Tasarruf Mevduatı	73706.31768479105
68	Resmi Kuruluşlar Mevduatı	19382.033503622028
68	Ticari Kuruluşlar Mevduatı	18176.299874771157
68	Bankalar Mevduatı	0.7287357219276163
68	Döviz Tevdiat Hesapları	168991.6206580972
68	Diğer Mevduat	3429.419198617149
68	Altın Depo Hesabı	4381.111799056907
68	İhtisas Kredileri/ Tarım	44126.39840365686
68	İhtisas Kredileri/ Mesleki	6097.625062338075
68	İhtisas Kredileri/ Denizcilik	0
68	İhtisas Kredileri/ Turizm	25.88039872389804
68	İhtisas Kredileri/ Diğer	5162.466184519274
68	İht.Dışı Krediler	184472.56428297356
68	ATM Sayısı	0.009566905412535246
68	Pos Sayısı	0.8507338948304817
68	Üye İşyeri Sayısı	0.7259085792584529
68	Tasarruf Mevduatı Hesap Adedi	47.82873898622424
68	Resmi Kuruluşlar Mevduatı Hesap Adedi	0.25386268405268064
68	Ticari Kuruluşlar Mevduat Hesap Adedi	4.00820617257583
68	Bankalar Mevduatı Hesap Adedi	0.003484164226537108
68	Döviz Tevdiat Hesap Adedi	10.950241515698744
68	Diğer Mevduat Hesap Adedi	0.1795428871651952
68	Altın Depo Hesabı Hesap Adedi	0.849067687355319
49	Banka Çalışan Sayısı	0.057539855859431686
49	Tasarruf Mevduatı	33029.822951489405
49	Resmi Kuruluşlar Mevduatı	21355.771387351095
49	Ticari Kuruluşlar Mevduatı	32174.880352865574
49	Bankalar Mevduatı	0.77471801618868
49	Döviz Tevdiat Hesapları	19403.452120210648
49	Diğer Mevduat	4143.4191190444335
49	Altın Depo Hesabı	6427.671659149796
49	İhtisas Kredileri/ Tarım	39832.63337861799
49	İhtisas Kredileri/ Mesleki	7624.045361313882
49	İhtisas Kredileri/ Denizcilik	0
49	İhtisas Kredileri/ Turizm	302.6497642740542
49	İhtisas Kredileri/ Diğer	7238.145204393944
49	İht.Dışı Krediler	132109.6204234569
49	ATM Sayısı	0.013090462733679309
49	Pos Sayısı	1.3353160247711706
49	Üye İşyeri Sayısı	1.0281466466978466
49	Tasarruf Mevduatı Hesap Adedi	72.23495999641422
49	Resmi Kuruluşlar Mevduatı Hesap Adedi	0.838419556275203
49	Ticari Kuruluşlar Mevduat Hesap Adedi	5.114613083079524
49	Bankalar Mevduatı Hesap Adedi	0.0042643216975208585
49	Döviz Tevdiat Hesap Adedi	5.740530589498746
49	Diğer Mevduat Hesap Adedi	0.3433170200321254
49	Altın Depo Hesabı Hesap Adedi	0.9947214281344507
50	Banka Çalışan Sayısı	0.033471794247957834
50	Tasarruf Mevduatı	43106.27247456285
50	Resmi Kuruluşlar Mevduatı	7086.784534345596
50	Ticari Kuruluşlar Mevduatı	17036.063199168202
50	Bankalar Mevduatı	0
50	Döviz Tevdiat Hesapları	73640.88214486347
50	Diğer Mevduat	2067.831372885725
50	Altın Depo Hesabı	1675.5515575498953
50	İhtisas Kredileri/ Tarım	18709.48602160953
50	İhtisas Kredileri/ Mesleki	4468.346110993212
50	İhtisas Kredileri/ Denizcilik	0
50	İhtisas Kredileri/ Turizm	216.67917143444086
50	İhtisas Kredileri/ Diğer	2710.244649512642
50	İht.Dışı Krediler	160782.98876689337
50	ATM Sayısı	0.017319081069110037
50	Pos Sayısı	1.4842499719082256
50	Üye İşyeri Sayısı	1.7961222185811456
50	Tasarruf Mevduatı Hesap Adedi	66.26673756771568
50	Resmi Kuruluşlar Mevduatı Hesap Adedi	0.3548083391860764
50	Ticari Kuruluşlar Mevduat Hesap Adedi	6.737963844532851
50	Bankalar Mevduatı Hesap Adedi	0.00552040056226901
50	Döviz Tevdiat Hesap Adedi	7.626960966034388
50	Diğer Mevduat Hesap Adedi	0.3444466332681951
50	Altın Depo Hesabı Hesap Adedi	0.41540128012112093
51	Banka Çalışan Sayısı	0.023037147197591562
51	Tasarruf Mevduatı	134188.5331244726
51	Resmi Kuruluşlar Mevduatı	12549.81299216256
51	Ticari Kuruluşlar Mevduatı	13659.47602748881
51	Bankalar Mevduatı	0.018078463068804722
51	Döviz Tevdiat Hesapları	38855.99860973563
51	Diğer Mevduat	5037.658711480421
51	Altın Depo Hesabı	3688.1420344492117
51	İhtisas Kredileri/ Tarım	38930.15548175651
51	İhtisas Kredileri/ Mesleki	5771.257171584754
51	İhtisas Kredileri/ Denizcilik	0
51	İhtisas Kredileri/ Turizm	8.674926410145003
51	İhtisas Kredileri/ Diğer	5718.634283433485
51	İht.Dışı Krediler	197091.56809026506
51	ATM Sayısı	0.010525381636416914
51	Pos Sayısı	1.0589596087787634
51	Üye İşyeri Sayısı	0.7306222647554953
51	Tasarruf Mevduatı Hesap Adedi	89.39050745519606
51	Resmi Kuruluşlar Mevduatı Hesap Adedi	0.08084994625113665
51	Ticari Kuruluşlar Mevduat Hesap Adedi	5.971086295472591
51	Bankalar Mevduatı Hesap Adedi	0.002945163262789898
51	Döviz Tevdiat Hesap Adedi	7.197754610550561
51	Diğer Mevduat Hesap Adedi	0.5058713416532051
51	Altın Depo Hesabı Hesap Adedi	0.7515012953383462
52	Banka Çalışan Sayısı	0.051557347490148925
52	Tasarruf Mevduatı	89653.50851199606
52	Resmi Kuruluşlar Mevduatı	7146.232641191069
52	Ticari Kuruluşlar Mevduatı	19004.750589411407
52	Bankalar Mevduatı	5.377363823157105
52	Döviz Tevdiat Hesapları	28791.84347720203
52	Diğer Mevduat	3607.061473135151
52	Altın Depo Hesabı	4005.8108622830046
52	İhtisas Kredileri/ Tarım	17760.40209866643
52	İhtisas Kredileri/ Mesleki	5411.970958263681
52	İhtisas Kredileri/ Denizcilik	0
52	İhtisas Kredileri/ Turizm	77.11489703830391
52	İhtisas Kredileri/ Diğer	5687.033067499438
52	İht.Dışı Krediler	158247.07217334706
52	ATM Sayısı	0.012557818808947291
52	Pos Sayısı	1.0130875142278202
52	Üye İşyeri Sayısı	0.8080800887403131
52	Tasarruf Mevduatı Hesap Adedi	104.98297669425341
52	Resmi Kuruluşlar Mevduatı Hesap Adedi	0.21401822564239817
52	Ticari Kuruluşlar Mevduat Hesap Adedi	4.230307393786509
52	Bankalar Mevduatı Hesap Adedi	0.005157358251038211
52	Döviz Tevdiat Hesap Adedi	5.1147531097272845
52	Diğer Mevduat Hesap Adedi	0.48128000455794995
52	Altın Depo Hesabı Hesap Adedi	0.613671232667169
80	Banka Çalışan Sayısı	0.04562433573653102
80	Tasarruf Mevduatı	61577.140933686154
80	Resmi Kuruluşlar Mevduatı	6101.676015985521
80	Ticari Kuruluşlar Mevduatı	9592.660464153092
80	Bankalar Mevduatı	0
80	Döviz Tevdiat Hesapları	11786.324505411372
80	Diğer Mevduat	3370.1392808845612
80	Altın Depo Hesabı	2810.7124498324074
80	İhtisas Kredileri/ Tarım	24040.679783007086
80	İhtisas Kredileri/ Mesleki	6501.814041360178
80	İhtisas Kredileri/ Denizcilik	0
80	İhtisas Kredileri/ Turizm	316.47895127090527
80	İhtisas Kredileri/ Diğer	3200.4884900105412
80	İht.Dışı Krediler	22940.557545183256
80	ATM Sayısı	0.022181824343364784
80	Pos Sayısı	1.2894805722110703
80	Üye İşyeri Sayısı	1.1904185902181332
80	Tasarruf Mevduatı Hesap Adedi	19.09885885264125
80	Resmi Kuruluşlar Mevduatı Hesap Adedi	0.2874304086932132
80	Ticari Kuruluşlar Mevduat Hesap Adedi	5.508857837770728
80	Bankalar Mevduatı Hesap Adedi	0.004509530820682698
80	Döviz Tevdiat Hesap Adedi	4.351575065181517
80	Diğer Mevduat Hesap Adedi	0.4541798627404203
80	Altın Depo Hesabı Hesap Adedi	0.7296025866513896
53	Banka Çalışan Sayısı	0.07493577907082902
53	Tasarruf Mevduatı	85624.5017628788
53	Resmi Kuruluşlar Mevduatı	18754.973162205348
53	Ticari Kuruluşlar Mevduatı	12326.879967644438
53	Bankalar Mevduatı	6.383458772246684
53	Döviz Tevdiat Hesapları	18083.69205481864
53	Diğer Mevduat	4831.477616192166
53	Altın Depo Hesabı	5183.687732919634
53	İhtisas Kredileri/ Tarım	5367.347258287365
53	İhtisas Kredileri/ Mesleki	2570.429980811292
53	İhtisas Kredileri/ Denizcilik	0
53	İhtisas Kredileri/ Turizm	100.34199256776989
53	İhtisas Kredileri/ Diğer	9281.539179895293
53	İht.Dışı Krediler	155340.22903321945
53	ATM Sayısı	0.013909448046748995
53	Pos Sayısı	0.5861503446529469
53	Üye İşyeri Sayısı	0.6277812797272204
53	Tasarruf Mevduatı Hesap Adedi	74.44616115393347
53	Resmi Kuruluşlar Mevduatı Hesap Adedi	0.2569783985777652
53	Ticari Kuruluşlar Mevduat Hesap Adedi	5.240377948839198
53	Bankalar Mevduatı Hesap Adedi	0.004066623459253002
53	Döviz Tevdiat Hesap Adedi	4.309518558491915
53	Diğer Mevduat Hesap Adedi	0.6515757491114834
53	Altın Depo Hesabı Hesap Adedi	0.7057706393776177
54	Banka Çalışan Sayısı	0.030080975428313658
54	Tasarruf Mevduatı	47582.636171697435
54	Resmi Kuruluşlar Mevduatı	2385.5433828625046
54	Ticari Kuruluşlar Mevduatı	7719.923906355409
54	Bankalar Mevduatı	0.7411852979341818
54	Döviz Tevdiat Hesapları	25555.862808228503
54	Diğer Mevduat	1829.120319909592
54	Altın Depo Hesabı	5867.688940099295
54	İhtisas Kredileri/ Tarım	21603.757696089036
54	İhtisas Kredileri/ Mesleki	4268.781962296142
54	İhtisas Kredileri/ Denizcilik	0
54	İhtisas Kredileri/ Turizm	17.335470244677342
54	İhtisas Kredileri/ Diğer	2755.457953629617
54	İht.Dışı Krediler	145180.97205517665
54	ATM Sayısı	0.011200654963506917
54	Pos Sayısı	0.933062136871736
54	Üye İşyeri Sayısı	1.3841562779789363
54	Tasarruf Mevduatı Hesap Adedi	59.73934509125171
54	Resmi Kuruluşlar Mevduatı Hesap Adedi	0.3401300982176196
54	Ticari Kuruluşlar Mevduat Hesap Adedi	4.440469425509834
54	Bankalar Mevduatı Hesap Adedi	0.002818235442866341
54	Döviz Tevdiat Hesap Adedi	5.060233503125886
54	Diğer Mevduat Hesap Adedi	0.2552119131032083
54	Altın Depo Hesabı Hesap Adedi	0.6592493170885663
55	Banka Çalışan Sayısı	0.1127747230948275
55	Tasarruf Mevduatı	106592.39496290646
55	Resmi Kuruluşlar Mevduatı	4940.915101234095
55	Ticari Kuruluşlar Mevduatı	8822.65163346753
55	Bankalar Mevduatı	0.8908701482348492
55	Döviz Tevdiat Hesapları	52548.226134671
55	Diğer Mevduat	2578.8001529421895
55	Altın Depo Hesabı	4038.624207202743
55	İhtisas Kredileri/ Tarım	17646.276962284344
55	İhtisas Kredileri/ Mesleki	6463.652642508023
55	İhtisas Kredileri/ Denizcilik	0
55	İhtisas Kredileri/ Turizm	57.89881990889353
55	İhtisas Kredileri/ Diğer	4908.940801811924
55	İht.Dışı Krediler	242121.2412060013
55	ATM Sayısı	0.012226020234550147
55	Pos Sayısı	1.3008025779514323
55	Üye İşyeri Sayısı	0.6315449141924196
55	Tasarruf Mevduatı Hesap Adedi	31.179157617842357
55	Resmi Kuruluşlar Mevduatı Hesap Adedi	0.1648162744170917
55	Ticari Kuruluşlar Mevduat Hesap Adedi	5.706675344562409
55	Bankalar Mevduatı Hesap Adedi	0.003881968168399912
55	Döviz Tevdiat Hesap Adedi	3.6127032906204315
55	Diğer Mevduat Hesap Adedi	0.04659556774447632
55	Altın Depo Hesabı Hesap Adedi	0.7743004867096231
56	Banka Çalışan Sayısı	0.035708388309107955
56	Tasarruf Mevduatı	57162.058953028725
56	Resmi Kuruluşlar Mevduatı	89514.63793608313
56	Ticari Kuruluşlar Mevduatı	10764.804518302564
56	Bankalar Mevduatı	239.481589891324
56	Döviz Tevdiat Hesapları	8698.27103594985
56	Diğer Mevduat	7664.792436437512
56	Altın Depo Hesabı	2427.989047015035
56	İhtisas Kredileri/ Tarım	18622.708121846335
56	İhtisas Kredileri/ Mesleki	7274.712078865635
56	İhtisas Kredileri/ Denizcilik	0
56	İhtisas Kredileri/ Turizm	49.26157023269134
56	İhtisas Kredileri/ Diğer	2911.5466255186566
56	İht.Dışı Krediler	188486.96167182285
56	ATM Sayısı	0.013972054380902356
56	Pos Sayısı	1.1976704064487969
56	Üye İşyeri Sayısı	0.9464608412630704
56	Tasarruf Mevduatı Hesap Adedi	76.18190996157101
56	Resmi Kuruluşlar Mevduatı Hesap Adedi	1.1049562882946289
56	Ticari Kuruluşlar Mevduat Hesap Adedi	4.331728244750327
56	Bankalar Mevduatı Hesap Adedi	0.005550142368004191
56	Döviz Tevdiat Hesap Adedi	4.310419350572938
56	Diğer Mevduat Hesap Adedi	0.5305419569645473
56	Altın Depo Hesabı Hesap Adedi	1.0931652566130203
57	Banka Çalışan Sayısı	0.0554908764649078
57	Tasarruf Mevduatı	142232.1921881715
57	Resmi Kuruluşlar Mevduatı	25828.5543033699
57	Ticari Kuruluşlar Mevduatı	14066.694238543496
57	Bankalar Mevduatı	0
57	Döviz Tevdiat Hesapları	70680.30289838563
57	Diğer Mevduat	4872.793136976676
57	Altın Depo Hesabı	4574.175961949548
57	İhtisas Kredileri/ Tarım	10352.996285303892
57	İhtisas Kredileri/ Mesleki	5644.516100167188
57	İhtisas Kredileri/ Denizcilik	9.141266885754062
57	İhtisas Kredileri/ Turizm	130.28507796521404
57	İhtisas Kredileri/ Diğer	8234.501341858406
57	İht.Dışı Krediler	177530.5503815619
57	ATM Sayısı	0.009932881357070721
57	Pos Sayısı	0.7954394996741202
57	Üye İşyeri Sayısı	1.106676147123379
57	Tasarruf Mevduatı Hesap Adedi	69.34032744430257
57	Resmi Kuruluşlar Mevduatı Hesap Adedi	0.5166376084903653
57	Ticari Kuruluşlar Mevduat Hesap Adedi	5.922453999782961
57	Bankalar Mevduatı Hesap Adedi	0.0037914213830699765
57	Döviz Tevdiat Hesap Adedi	6.1640069843411425
57	Diğer Mevduat Hesap Adedi	1.1716882813897778
57	Altın Depo Hesabı Hesap Adedi	1.042476735551309
5	Banka Çalışan Sayısı	0.04784940230120277
5	Tasarruf Mevduatı	47620.14009285974
5	Resmi Kuruluşlar Mevduatı	7352.901543979844
5	Ticari Kuruluşlar Mevduatı	14988.45432010113
5	Bankalar Mevduatı	0
5	Döviz Tevdiat Hesapları	19873.331383232253
5	Diğer Mevduat	1637.9609720256271
5	Altın Depo Hesabı	4338.292867668522
5	İhtisas Kredileri/ Tarım	31282.62239665213
5	İhtisas Kredileri/ Mesleki	4943.588688724938
5	İhtisas Kredileri/ Denizcilik	0
5	İhtisas Kredileri/ Turizm	84.24686274547864
5	İhtisas Kredileri/ Diğer	4861.723166177798
5	İht.Dışı Krediler	107878.94619332798
5	ATM Sayısı	0.012212936276067924
5	Pos Sayısı	0.9128116645744059
5	Üye İşyeri Sayısı	0.9982427505661617
5	Tasarruf Mevduatı Hesap Adedi	70.83869420408644
5	Resmi Kuruluşlar Mevduatı Hesap Adedi	0.3864595502809478
5	Ticari Kuruluşlar Mevduat Hesap Adedi	4.894895988506598
5	Bankalar Mevduatı Hesap Adedi	0.003616137338836023
5	Döviz Tevdiat Hesap Adedi	3.844732405588816
5	Diğer Mevduat Hesap Adedi	0.2920640780473106
5	Altın Depo Hesabı Hesap Adedi	0.6679097352515586
58	Banka Çalışan Sayısı	0.09634910663734078
58	Tasarruf Mevduatı	117570.84038008383
58	Resmi Kuruluşlar Mevduatı	13088.502843899007
58	Ticari Kuruluşlar Mevduatı	10343.193260294105
58	Bankalar Mevduatı	2.9909092725026305
58	Döviz Tevdiat Hesapları	83803.77148678871
58	Diğer Mevduat	3593.2774716244307
58	Altın Depo Hesabı	4359.823592613226
58	İhtisas Kredileri/ Tarım	27044.31487957314
58	İhtisas Kredileri/ Mesleki	4668.58261027136
58	İhtisas Kredileri/ Denizcilik	0
58	İhtisas Kredileri/ Turizm	88.26309543709921
58	İhtisas Kredileri/ Diğer	4267.101532777866
58	İht.Dışı Krediler	222737.824622106
58	ATM Sayısı	0.014415419992448705
58	Pos Sayısı	0.8165542422384529
58	Üye İşyeri Sayısı	0.8761176174530771
58	Tasarruf Mevduatı Hesap Adedi	49.59104455514745
58	Resmi Kuruluşlar Mevduatı Hesap Adedi	0.6230881839615613
58	Ticari Kuruluşlar Mevduat Hesap Adedi	6.291357036567568
58	Bankalar Mevduatı Hesap Adedi	0.005352379171499319
58	Döviz Tevdiat Hesap Adedi	9.11833958574882
58	Diğer Mevduat Hesap Adedi	0.546615957050582
58	Altın Depo Hesabı Hesap Adedi	0.9307285888204867
63	Banka Çalışan Sayısı	0.057590093684378764
63	Tasarruf Mevduatı	33791.93463642521
63	Resmi Kuruluşlar Mevduatı	25919.09642417623
63	Ticari Kuruluşlar Mevduatı	24909.13419447923
63	Bankalar Mevduatı	0.2549707871558286
63	Döviz Tevdiat Hesapları	21808.695437214923
63	Diğer Mevduat	2717.888989882327
63	Altın Depo Hesabı	3873.6842105896008
63	İhtisas Kredileri/ Tarım	54955.46932899649
63	İhtisas Kredileri/ Mesleki	19400.197046226327
63	İhtisas Kredileri/ Denizcilik	4.114888279782989
63	İhtisas Kredileri/ Turizm	23.46437622680325
63	İhtisas Kredileri/ Diğer	13352.358136467981
63	İht.Dışı Krediler	16306.571704920352
63	ATM Sayısı	0.018294109178386107
63	Pos Sayısı	1.5382917965896863
63	Üye İşyeri Sayısı	1.4625961083124708
63	Tasarruf Mevduatı Hesap Adedi	14.988030213733047
63	Resmi Kuruluşlar Mevduatı Hesap Adedi	0.42125182779065107
63	Ticari Kuruluşlar Mevduat Hesap Adedi	5.899292759575462
63	Bankalar Mevduatı Hesap Adedi	0.005336539824637787
63	Döviz Tevdiat Hesap Adedi	1.4536683207982977
63	Diğer Mevduat Hesap Adedi	0.360628206129355
63	Altın Depo Hesabı Hesap Adedi	0.7233531984313771
73	Banka Çalışan Sayısı	0.08442891868744327
73	Tasarruf Mevduatı	60935.72272715536
73	Resmi Kuruluşlar Mevduatı	61462.838145731555
73	Ticari Kuruluşlar Mevduatı	26901.789548162225
73	Bankalar Mevduatı	0
73	Döviz Tevdiat Hesapları	44599.07556808948
73	Diğer Mevduat	3406.2828331831174
73	Altın Depo Hesabı	7549.583017652702
73	İhtisas Kredileri/ Tarım	12454.307808097754
73	İhtisas Kredileri/ Mesleki	11465.660645419694
73	İhtisas Kredileri/ Denizcilik	0
73	İhtisas Kredileri/ Turizm	16.144488701449358
73	İhtisas Kredileri/ Diğer	7668.6398013512
73	İht.Dışı Krediler	330736.7243822341
73	ATM Sayısı	0.0349296250749524
73	Pos Sayısı	1.2007456115798936
73	Üye İşyeri Sayısı	1.0661519979778313
73	Tasarruf Mevduatı Hesap Adedi	170.46733218770078
73	Resmi Kuruluşlar Mevduatı Hesap Adedi	0.6950770286326489
73	Ticari Kuruluşlar Mevduat Hesap Adedi	7.509728019032237
73	Bankalar Mevduatı Hesap Adedi	0.00925834558866172
73	Döviz Tevdiat Hesap Adedi	9.330565653096818
73	Diğer Mevduat Hesap Adedi	0.5812691360965766
73	Altın Depo Hesabı Hesap Adedi	2.6169883098221534
59	Banka Çalışan Sayısı	0.0861497211344653
59	Tasarruf Mevduatı	100342.12375268416
59	Resmi Kuruluşlar Mevduatı	10119.728789858134
59	Ticari Kuruluşlar Mevduatı	8793.907587600172
59	Bankalar Mevduatı	0.46726255963474395
59	Döviz Tevdiat Hesapları	36081.13909871888
59	Diğer Mevduat	3664.3564107941834
59	Altın Depo Hesabı	3659.304876973154
59	İhtisas Kredileri/ Tarım	15027.49162601428
59	İhtisas Kredileri/ Mesleki	3445.2236810771774
59	İhtisas Kredileri/ Denizcilik	0
59	İhtisas Kredileri/ Turizm	65.15519374863166
59	İhtisas Kredileri/ Diğer	3994.8582654265865
59	İht.Dışı Krediler	439433.6329270245
59	ATM Sayısı	0.010114349807548342
59	Pos Sayısı	1.0242520138848106
59	Üye İşyeri Sayısı	1.3536541865779868
59	Tasarruf Mevduatı Hesap Adedi	48.898517990713216
59	Resmi Kuruluşlar Mevduatı Hesap Adedi	0.20384798514445263
59	Ticari Kuruluşlar Mevduat Hesap Adedi	7.942498450525616
59	Bankalar Mevduatı Hesap Adedi	0.002938800807974826
59	Döviz Tevdiat Hesap Adedi	3.343591977301388
59	Diğer Mevduat Hesap Adedi	0.2750112673957953
59	Altın Depo Hesabı Hesap Adedi	0.8595697465869092
60	Banka Çalışan Sayısı	0.03531167481608455
60	Tasarruf Mevduatı	64906.93508470677
60	Resmi Kuruluşlar Mevduatı	4110.815059341991
60	Ticari Kuruluşlar Mevduatı	12118.278644666612
60	Bankalar Mevduatı	4.789776493409212
60	Döviz Tevdiat Hesapları	22230.23823784462
60	Diğer Mevduat	955.3614204551748
60	Altın Depo Hesabı	3438.2113865588362
60	İhtisas Kredileri/ Tarım	26967.09279662025
60	İhtisas Kredileri/ Mesleki	6765.791185652844
60	İhtisas Kredileri/ Denizcilik	0
60	İhtisas Kredileri/ Turizm	9.746596383871381
60	İhtisas Kredileri/ Diğer	4815.74753994306
60	İht.Dışı Krediler	166569.3556977537
60	ATM Sayısı	0.009920595446972498
60	Pos Sayısı	0.5912624793114558
60	Üye İşyeri Sayısı	1.5516389801032173
60	Tasarruf Mevduatı Hesap Adedi	83.75038633284262
60	Resmi Kuruluşlar Mevduatı Hesap Adedi	0.174916441699753
60	Ticari Kuruluşlar Mevduat Hesap Adedi	2.253442722117293
60	Bankalar Mevduatı Hesap Adedi	0.004647399193680105
60	Döviz Tevdiat Hesap Adedi	4.540450427002648
60	Diğer Mevduat Hesap Adedi	0.31262043416263
60	Altın Depo Hesabı Hesap Adedi	1.0875326284383413
61	Banka Çalışan Sayısı	0.05798514738464813
61	Tasarruf Mevduatı	61185.809156300464
61	Resmi Kuruluşlar Mevduatı	9275.002756963815
61	Ticari Kuruluşlar Mevduatı	15758.393032741518
61	Bankalar Mevduatı	4.642906300110857
61	Döviz Tevdiat Hesapları	49711.52837922657
61	Diğer Mevduat	2144.132856192952
61	Altın Depo Hesabı	1132.1814801235582
61	İhtisas Kredileri/ Tarım	5736.118316256024
61	İhtisas Kredileri/ Mesleki	3734.495664524926
61	İhtisas Kredileri/ Denizcilik	0
61	İhtisas Kredileri/ Turizm	153.03408049333436
61	İhtisas Kredileri/ Diğer	4542.161849745297
61	İht.Dışı Krediler	209357.00121317184
61	ATM Sayısı	0.0076472557722458735
61	Pos Sayısı	1.1357408332983112
61	Üye İşyeri Sayısı	0.7548833928835634
61	Tasarruf Mevduatı Hesap Adedi	80.03657164238311
61	Resmi Kuruluşlar Mevduatı Hesap Adedi	0.14866654662220197
61	Ticari Kuruluşlar Mevduat Hesap Adedi	1.5294178655445472
61	Bankalar Mevduatı Hesap Adedi	0.006204981992822737
61	Döviz Tevdiat Hesap Adedi	3.063203911580364
61	Diğer Mevduat Hesap Adedi	0.22644063107076973
61	Altın Depo Hesabı Hesap Adedi	0.7478913033082236
62	Banka Çalışan Sayısı	0.14465903338106006
62	Tasarruf Mevduatı	226416.5275434689
62	Resmi Kuruluşlar Mevduatı	67519.43772975805
62	Ticari Kuruluşlar Mevduatı	10707.992801762752
62	Bankalar Mevduatı	0
62	Döviz Tevdiat Hesapları	186714.33436812874
62	Diğer Mevduat	15913.889774106723
62	Altın Depo Hesabı	4916.261127958409
62	İhtisas Kredileri/ Tarım	40330.570880015235
62	İhtisas Kredileri/ Mesleki	3582.8201186193955
62	İhtisas Kredileri/ Denizcilik	0
62	İhtisas Kredileri/ Turizm	112.2306006322887
62	İhtisas Kredileri/ Diğer	4814.2878633208575
62	İht.Dışı Krediler	331570.7023804602
62	ATM Sayısı	0.024327896762790048
62	Pos Sayısı	0.911322319283743
62	Üye İşyeri Sayısı	1.0371980616988323
62	Tasarruf Mevduatı Hesap Adedi	171.34617777504764
62	Resmi Kuruluşlar Mevduatı Hesap Adedi	1.802642366827877
62	Ticari Kuruluşlar Mevduat Hesap Adedi	6.600024529954746
62	Bankalar Mevduatı Hesap Adedi	0.009557827896128756
62	Döviz Tevdiat Hesap Adedi	5.39508758326041
62	Diğer Mevduat Hesap Adedi	1.0674116870193717
62	Altın Depo Hesabı Hesap Adedi	2.0538894024779473
64	Banka Çalışan Sayısı	0.04350735540534911
64	Tasarruf Mevduatı	118599.1269658088
64	Resmi Kuruluşlar Mevduatı	6181.5231059953
64	Ticari Kuruluşlar Mevduatı	18507.848540111605
64	Bankalar Mevduatı	0.01862975868660776
64	Döviz Tevdiat Hesapları	61069.83632393932
64	Diğer Mevduat	1626.635722727043
64	Altın Depo Hesabı	5534.222370915205
64	İhtisas Kredileri/ Tarım	16420.780209021865
64	İhtisas Kredileri/ Mesleki	2675.632594547943
64	İhtisas Kredileri/ Denizcilik	0
64	İhtisas Kredileri/ Turizm	35.97268175424751
64	İhtisas Kredileri/ Diğer	3351.3580768332613
64	İht.Dışı Krediler	231177.47167470306
64	ATM Sayısı	0.016953280039153976
64	Pos Sayısı	0.6875267480717289
64	Üye İşyeri Sayısı	1.3728031065835546
64	Tasarruf Mevduatı Hesap Adedi	82.59591443233148
64	Resmi Kuruluşlar Mevduatı Hesap Adedi	0.3635614988492897
64	Ticari Kuruluşlar Mevduat Hesap Adedi	3.8658420867178163
64	Bankalar Mevduatı Hesap Adedi	0.0028372318107689307
64	Döviz Tevdiat Hesap Adedi	8.849390775105283
64	Diğer Mevduat Hesap Adedi	0.37682379008208083
64	Altın Depo Hesabı Hesap Adedi	1.5794342696897323
65	Banka Çalışan Sayısı	0.10111381906716842
65	Tasarruf Mevduatı	61803.26331685636
65	Resmi Kuruluşlar Mevduatı	18659.708266454843
65	Ticari Kuruluşlar Mevduatı	36126.6272222228
65	Bankalar Mevduatı	0.49984485081832775
65	Döviz Tevdiat Hesapları	7974.0723194490465
65	Diğer Mevduat	2854.8120491370005
65	Altın Depo Hesabı	7008.437896415251
65	İhtisas Kredileri/ Tarım	23882.333220488523
65	İhtisas Kredileri/ Mesleki	7005.486496320487
65	İhtisas Kredileri/ Denizcilik	0
65	İhtisas Kredileri/ Turizm	92.70670270766105
65	İhtisas Kredileri/ Diğer	5821.466505797451
65	İht.Dışı Krediler	333690.7706847504
65	ATM Sayısı	0.030186323394859844
65	Pos Sayısı	1.0369914256129373
65	Üye İşyeri Sayısı	0.8105664598107987
65	Tasarruf Mevduatı Hesap Adedi	98.04552894862086
65	Resmi Kuruluşlar Mevduatı Hesap Adedi	0.4821666283059567
65	Ticari Kuruluşlar Mevduat Hesap Adedi	3.409467835628317
65	Bankalar Mevduatı Hesap Adedi	0.006607128450220366
65	Döviz Tevdiat Hesap Adedi	6.170241186610871
65	Diğer Mevduat Hesap Adedi	0.36148844810312664
65	Altın Depo Hesabı Hesap Adedi	1.29323663713427
77	Banka Çalışan Sayısı	0.04788925454908454
77	Tasarruf Mevduatı	135912.21632940456
77	Resmi Kuruluşlar Mevduatı	10050.417809839511
77	Ticari Kuruluşlar Mevduatı	19785.924836061007
77	Bankalar Mevduatı	2.16104411913637
77	Döviz Tevdiat Hesapları	50563.98446955291
77	Diğer Mevduat	6343.774071455637
77	Altın Depo Hesabı	5155.120003335807
77	İhtisas Kredileri/ Tarım	8193.762122696102
77	İhtisas Kredileri/ Mesleki	323.7362308535478
77	İhtisas Kredileri/ Denizcilik	0
77	İhtisas Kredileri/ Turizm	105.2908169965567
77	İhtisas Kredileri/ Diğer	2762.2353065841025
77	İht.Dışı Krediler	170682.65702204246
77	ATM Sayısı	0.026212379429922873
77	Pos Sayısı	0.4729255312757642
77	Üye İşyeri Sayısı	0.6680366918706688
77	Tasarruf Mevduatı Hesap Adedi	38.79386238224096
77	Resmi Kuruluşlar Mevduatı Hesap Adedi	0.10660740593865047
77	Ticari Kuruluşlar Mevduat Hesap Adedi	4.152847985333506
77	Bankalar Mevduatı Hesap Adedi	0.006902739537622325
77	Döviz Tevdiat Hesap Adedi	6.122501850204334
77	Diğer Mevduat Hesap Adedi	0.3425757993345222
77	Altın Depo Hesabı Hesap Adedi	0.5943723911388461
6	Banka Çalışan Sayısı	0.09364127150043274
6	Tasarruf Mevduatı	165939.28242160994
6	Resmi Kuruluşlar Mevduatı	146802.15443706868
6	Ticari Kuruluşlar Mevduatı	171503.33706535585
6	Bankalar Mevduatı	24612.173316050794
6	Döviz Tevdiat Hesapları	214375.09455073808
6	Diğer Mevduat	18965.646195276604
6	Altın Depo Hesabı	6928.920570627227
6	İhtisas Kredileri/ Tarım	4720.4442342481
6	İhtisas Kredileri/ Mesleki	4476.591748336557
6	İhtisas Kredileri/ Denizcilik	0
6	İhtisas Kredileri/ Turizm	93.70209834966218
6	İhtisas Kredileri/ Diğer	2276.447059014603
6	İht.Dışı Krediler	709417.2691941236
6	ATM Sayısı	0.015367822268664202
6	Pos Sayısı	1.0749315060245082
6	Üye İşyeri Sayısı	1.2695502481046317
6	Tasarruf Mevduatı Hesap Adedi	75.81837723354528
6	Resmi Kuruluşlar Mevduatı Hesap Adedi	0.11963860793166517
6	Ticari Kuruluşlar Mevduat Hesap Adedi	4.446029125310315
6	Bankalar Mevduatı Hesap Adedi	0.008719588172853121
6	Döviz Tevdiat Hesap Adedi	10.105124390244338
6	Diğer Mevduat Hesap Adedi	0.2509204462643807
6	Altın Depo Hesabı Hesap Adedi	1.2025316945929303
66	Banka Çalışan Sayısı	0.08571880800716851
66	Tasarruf Mevduatı	15432.380776427417
66	Resmi Kuruluşlar Mevduatı	13980.40756211215
66	Ticari Kuruluşlar Mevduatı	10913.841831786925
66	Bankalar Mevduatı	0.0618195515113047
66	Döviz Tevdiat Hesapları	76739.23954545359
66	Diğer Mevduat	2744.593604598772
66	Altın Depo Hesabı	5383.390054208338
66	İhtisas Kredileri/ Tarım	51903.753554314
66	İhtisas Kredileri/ Mesleki	8814.526801706785
66	İhtisas Kredileri/ Denizcilik	0
66	İhtisas Kredileri/ Turizm	15.580981168067002
66	İhtisas Kredileri/ Diğer	6816.278058640411
66	İht.Dışı Krediler	159829.7040599083
66	ATM Sayısı	0.014906530256614462
66	Pos Sayısı	0.7508198541766664
66	Üye İşyeri Sayısı	1.1753741751035511
66	Tasarruf Mevduatı Hesap Adedi	53.42094296393604
66	Resmi Kuruluşlar Mevduatı Hesap Adedi	0.26799135452654776
66	Ticari Kuruluşlar Mevduat Hesap Adedi	6.494922864116931
66	Bankalar Mevduatı Hesap Adedi	0.007021238134185508
66	Döviz Tevdiat Hesap Adedi	13.541216706331305
66	Diğer Mevduat Hesap Adedi	0.5092298442851566
66	Altın Depo Hesabı Hesap Adedi	1.1089708386352235
67	Banka Çalışan Sayısı	0.06811387638883719
67	Tasarruf Mevduatı	104324.57490598269
67	Resmi Kuruluşlar Mevduatı	5844.938276573457
67	Ticari Kuruluşlar Mevduatı	10811.065629923665
67	Bankalar Mevduatı	6.763865513093364
67	Döviz Tevdiat Hesapları	93092.62462707357
67	Diğer Mevduat	30614.12785553477
67	Altın Depo Hesabı	5808.575626469332
67	İhtisas Kredileri/ Tarım	4423.976954027684
67	İhtisas Kredileri/ Mesleki	1831.1603235102511
67	İhtisas Kredileri/ Denizcilik	0
67	İhtisas Kredileri/ Turizm	30.66716911419212
67	İhtisas Kredileri/ Diğer	3929.6553685918593
67	İht.Dışı Krediler	199300.21955136163
67	ATM Sayısı	0.014958471815604332
67	Pos Sayısı	0.8118319220107765
67	Üye İşyeri Sayısı	0.6982405305913915
67	Tasarruf Mevduatı Hesap Adedi	46.2302181693011
67	Resmi Kuruluşlar Mevduatı Hesap Adedi	0.4117360845087875
67	Ticari Kuruluşlar Mevduat Hesap Adedi	4.381602393344362
67	Bankalar Mevduatı Hesap Adedi	0.004464940003971468
67	Döviz Tevdiat Hesap Adedi	3.070574124103684
67	Diğer Mevduat Hesap Adedi	0.522974942723024
67	Altın Depo Hesabı Hesap Adedi	0.7177314180959595
7	Banka Çalışan Sayısı	0.06014333170248173
7	Tasarruf Mevduatı	113888.10057647376
7	Resmi Kuruluşlar Mevduatı	6738.916017534965
7	Ticari Kuruluşlar Mevduatı	16895.450742184483
7	Bankalar Mevduatı	0.5010352054270208
7	Döviz Tevdiat Hesapları	142210.17317408737
7	Diğer Mevduat	4349.443525159069
7	Altın Depo Hesabı	3768.919802397761
7	İhtisas Kredileri/ Tarım	10712.301329248405
7	İhtisas Kredileri/ Mesleki	5151.129957908305
7	İhtisas Kredileri/ Denizcilik	1.7761139535806885
7	İhtisas Kredileri/ Turizm	1950.849443414012
7	İhtisas Kredileri/ Diğer	7661.636147627257
7	İht.Dışı Krediler	271769.8132909054
7	ATM Sayısı	0.015172118352956183
7	Pos Sayısı	1.2889168754853266
7	Üye İşyeri Sayısı	1.0418413397892556
7	Tasarruf Mevduatı Hesap Adedi	39.73268479766443
7	Resmi Kuruluşlar Mevduatı Hesap Adedi	0.10605293198583116
7	Ticari Kuruluşlar Mevduat Hesap Adedi	4.449940779639853
7	Bankalar Mevduatı Hesap Adedi	0.005758291557273509
7	Döviz Tevdiat Hesap Adedi	8.519562207613433
7	Diğer Mevduat Hesap Adedi	0.17655257552137893
7	Altın Depo Hesabı Hesap Adedi	0.8580172833398454
